Name;1993;1994;1995;1996;1997;1998;1999;2000;2001;2002;2003;2004;2005;2006;2007;2008;2009;2010;2011;2012;2013;2014;2015;2016;
General Government Breakdown,Consolidation effort,Cyclical component,[SK, GG, n, annual, mil. Eur], CBR;;;;172.435021511842;137.95516511235;86.9092724492292;-381.406059599238;126.986288472134;11.1075585864004;-37.5603510467518;-100.490271180555;-198.295429187065;-371.440362275865;-311.303790167602;171.269662311187;541.460773190878;-862.137748624532;-238.981004570455;-98.718503190658;-105.232500172183;-315.359784820658;-247.588285797162;-146.428206389532;27.0095664934589;
General Government Breakdown,Consolidation effort,One-off measures,[SK, GG, n, annual, mil. Eur], CBR;;;;-253.770543251676;36.513;33.194;22.874;-1594.37;145.090929097789;-526.966797517095;-575.583;-15.6011418708093;-247.261983875407;-207.259720113652;313.815674993122;-40.2895037986109;-115.751195983073;-90.3476;-150.4614;349.12502;733.62044;1193.19046;294.502;301.83104;
General Government Breakdown,Consolidation effort,II. pillar implementation costs,[SK, GG, n, annual, mil. Eur], CBR;;;;0;0;0;0;0;0;0;0;0;-373.962690035186;-669.288986257718;-777;-813;-795;-811.874;-845.891;-722.527;-417.387;-435.284;-455.171;-477.975;
General Government Breakdown,Consolidation effort,Interest payment,[SK, GG, n, annual, mil. Eur], CBR;;;;-546.172741153821;-572.993427604063;-663.977959237868;-953.827258846179;-1265.5513509925;-1354.21230830512;-1307.77401580031;-1019.35205470358;-983.635397995087;-847.839075881299;-804.122684724158;-852.320254929297;-833.46610900883;-906.179;-884.785;-1084.384;-1322.104;-1362.699;-1374.95;-1425.634;-1559.156;
General Government Breakdown,Consolidation effort,Highway construction outside the GG balance sheet,[SK, GG, n, annual, mil. Eur], CBR;;;;;;;;;;;;;196.741;201.173;69.855;-9.91218900000001;245.478675170517;443.188505150426;202.07930165781;-52.916;-172.061470467645;-73.524433;-74.007398;-74.504852;
General Government Breakdown,Consolidation effort,Adjusted balance ,[SK, GG, n, annual, mil. Eur], CBR;;;;-1506.38111140097;-1107.41005079249;-852.182654511235;-774.560670135873;-1091.46796283979;-1007.32429688554;-1151.89724657656;568.093816755806;132.205979874181;256.323054841438;45.3084488724999;-40.4048724102022;-241.780129413238;-2588.46573056291;-3463.81990057997;-1521.99039846715;-1376.44822780559;-641.114644711701;-1206.20574120284;-235.440395610462;529.717245506549;
General Government Breakdown,Consolidation effort,Structural balance adjusted by EU ,[SK, GG, n, annual, mil. Eur], CBR;;;;-1506.38111140097;-1107.41005079249;-852.182654511235;-774.560670135873;-1091.46796283979;-1007.32429688554;-1151.89724657656;568.093816755806;80.6558238627626;124.450253938564;-221.471077118339;-412.661395015261;-660.986210481153;-3328.32373056291;-4835.79590057997;-3031.23039846715;-2750.38522780559;-1847.9686447117;-3652.26574120284;-2443.07939561046;-810.671754493451;Name;1993;1994;1995;1996;1997;1998;1999;2000;2001;2002;2003;2004;2005;2006;2007;2008;2009;2010;2011;2012;2013;2014;2015;2016;
General Government Breakdown,Consolidation effort,Structural balance adjusted by EU ,[SK, GG, n, annual, mil. Eur], CBR;;;;-1506.38111140097;-1107.41005079249;-852.182654511235;-774.560670135873;-1091.46796283979;-1007.32429688554;-1151.89724657656;568.093816755806;80.6558238627626;124.450253938564;-221.471077118339;-412.661395015261;-660.986210481153;-3328.32373056291;-4835.79590057997;-3031.23039846715;-2750.38522780559;-1847.9686447117;-3652.26574120284;-2443.07939561046;-810.671754493451;
General Government Breakdown,Consolidation effort,Consolidation effort,[SK, GG, n, annual, mil. Eur], CBR;;;;;398.971060608482;255.227396281259;77.6219843753614;-316.907292703919;84.1436659542489;-144.57294969102;1719.99106333237;-435.887836881625;124.117074967258;-211.014605968938;-85.713321282702;-201.375257003035;-2346.68560114967;-875.354170017067;1941.82950211282;145.542170661563;735.333583093887;-565.091096491138;970.765345592377;765.157641117011;
General Government Breakdown,Consolidation effort,Fiscal impulse,[SK, GG, n, annual, mil. Eur], CBR;;;;;398.971060608482;255.227396281259;77.6219843753614;-316.907292703919;84.1436659542489;-144.57294969102;1719.99106333237;-487.437992893043;43.7944300758012;-345.921331056903;-191.190317896921;-248.324815465892;-2667.33752008175;-1507.47217001707;1804.56550211283;280.845170661563;902.416583093887;-1804.29709649114;1209.18634559238;1632.40764111701;Name;1Q1993;2Q1993;3Q1993;4Q1993;1Q1994;2Q1994;3Q1994;4Q1994;1Q1995;2Q1995;3Q1995;4Q1995;1Q1996;2Q1996;3Q1996;4Q1996;1Q1997;2Q1997;3Q1997;4Q1997;1Q1998;2Q1998;3Q1998;4Q1998;1Q1999;2Q1999;3Q1999;4Q1999;1Q2000;2Q2000;3Q2000;4Q2000;1Q2001;2Q2001;3Q2001;4Q2001;1Q2002;2Q2002;3Q2002;4Q2002;1Q2003;2Q2003;3Q2003;4Q2003;1Q2004;2Q2004;3Q2004;4Q2004;1Q2005;2Q2005;3Q2005;4Q2005;1Q2006;2Q2006;3Q2006;4Q2006;1Q2007;2Q2007;3Q2007;4Q2007;1Q2008;2Q2008;3Q2008;4Q2008;1Q2009;2Q2009;3Q2009;4Q2009;1Q2010;2Q2010;3Q2010;4Q2010;1Q2011;2Q2011;3Q2011;4Q2011;1Q2012;2Q2012;3Q2012;4Q2012;1Q2013;2Q2013;3Q2013;4Q2013;1Q2014;2Q2014;3Q2014;4Q2014;1Q2015;2Q2015;3Q2015;4Q2015;1Q2016;2Q2016;3Q2016;4Q2016;
Unemployment, NAIRU,UPSVAR unemployment, SA,registered unemployment rate,[SK, sa, %], UPSVAR, NBS calculations;;;;;;;;;;;;;;;;;;;;;13.0911187108574;13.7544761173224;14.4227465053901;15.4893771636682;16.205148409401;17.5670143486753;18.7943051726125;19.3174570814375;19.1639119880306;19.5588626039768;18.5485880963582;17.7431447475747;19.1989060422587;18.5874923650917;18.5567099966035;18.7043847269016;19.0123277582665;18.5846702624444;18.0475140539246;17.6022043399488;16.5804672675066;15.6586135548845;15.0743292954888;15.1076339155469;15.9117619729502;15.222849849629;14.1332962818599;13.3168271161213;12.5938472013076;11.5979731483005;11.2192151294191;11.17645282507;11.1956757352566;10.7626864289474;10.087810644651;9.42421873233245;8.80494371588167;8.45619193490175;8.38052290243234;8.06597425416297;7.50257715920921;7.44109758072649;7.56292047590599;8.10275458598862;9.40717930211338;11.3753518949416;12.2693158811474;12.6617622153307;12.6268362472698;12.4043902328351;12.415670907673;12.4600367798503;12.7941341078487;12.9876682028482;13.3260785957047;13.4978589685131;13.4188215536745;13.3879655429191;13.4454912125002;14.0883968703005;14.4500552322088;14.3884225726656;13.9469552228265;13.6135433350724;13.2321242560029;12.9448141894332;12.6159005979877;12.3277543473838;12.0837409426622;11.6873619293282;11.3821183723531;10.8165160138533;9.99946438181731;9.65530780388936;9.40142901410684;;
Unemployment, NAIRU,UPSVAR unemployment, SA,number of unemployed persons,[SK, sa, thousands], UPSVAR, NBS calculations;;;;;;;;;;;;;;;;;344.384082113009;340.087037731174;349.060824875127;355.373888740911;364.311464674922;381.129932938905;403.351255406249;427.334920346096;455.796327682491;493.725537195467;526.94316196279;539.642479918533;544.151462482378;554.717093607745;528.818062499481;504.849682133574;545.222541278646;529.274770448343;531.206657929124;537.522373918712;545.418282782901;535.284504358447;521.398599025517;509.740995242742;480.856934099479;458.068834517957;442.298795968594;442.413265095473;450.064150170555;434.140442712402;409.280607862376;388.419853070269;366.039791233783;339.15446061769;329.127259599413;327.809850460836;323.994061830452;309.06520084589;289.995516942696;273.565742140995;261.348045183938;252.041780184062;249.039543321495;241.112943454048;226.448194108277;224.637771134678;229.535325579642;241.443280186934;281.117017007412;338.257622874032;363.26694770369;377.65357733867;384.595897373512;380.34807671822;378.675384141236;379.331384879941;383.763653581765;385.326860140658;391.392892013062;396.184112340315;400.270650310902;398.680428310799;404.678690401156;419.812321500639;425.712070255887;421.510682545385;410.463144043406;401.612730678511;392.829720701982;390.033406959553;383.741680628748;375.383123552264;368.564145841486;358.935184409762;351.162445208613;338.770090684138;319.288548942043;307.739335049422;296.73092310364;;Name;1Q1993;2Q1993;3Q1993;4Q1993;1Q1994;2Q1994;3Q1994;4Q1994;1Q1995;2Q1995;3Q1995;4Q1995;1Q1996;2Q1996;3Q1996;4Q1996;1Q1997;2Q1997;3Q1997;4Q1997;1Q1998;2Q1998;3Q1998;4Q1998;1Q1999;2Q1999;3Q1999;4Q1999;1Q2000;2Q2000;3Q2000;4Q2000;1Q2001;2Q2001;3Q2001;4Q2001;1Q2002;2Q2002;3Q2002;4Q2002;1Q2003;2Q2003;3Q2003;4Q2003;1Q2004;2Q2004;3Q2004;4Q2004;1Q2005;2Q2005;3Q2005;4Q2005;1Q2006;2Q2006;3Q2006;4Q2006;1Q2007;2Q2007;3Q2007;4Q2007;1Q2008;2Q2008;3Q2008;4Q2008;1Q2009;2Q2009;3Q2009;4Q2009;1Q2010;2Q2010;3Q2010;4Q2010;1Q2011;2Q2011;3Q2011;4Q2011;1Q2012;2Q2012;3Q2012;4Q2012;1Q2013;2Q2013;3Q2013;4Q2013;1Q2014;2Q2014;3Q2014;4Q2014;1Q2015;2Q2015;3Q2015;4Q2015;1Q2016;2Q2016;3Q2016;4Q2016;
Unemployment, NAIRU,UPSVAR unemployment, SA,number of unemployed persons,[SK, sa, thousands], UPSVAR, NBS calculations;;;;;;;;;;;;;;;;;344.384082113009;340.087037731174;349.060824875127;355.373888740911;364.311464674922;381.129932938905;403.351255406249;427.334920346096;455.796327682491;493.725537195467;526.94316196279;539.642479918533;544.151462482378;554.717093607745;528.818062499481;504.849682133574;545.222541278646;529.274770448343;531.206657929124;537.522373918712;545.418282782901;535.284504358447;521.398599025517;509.740995242742;480.856934099479;458.068834517957;442.298795968594;442.413265095473;450.064150170555;434.140442712402;409.280607862376;388.419853070269;366.039791233783;339.15446061769;329.127259599413;327.809850460836;323.994061830452;309.06520084589;289.995516942696;273.565742140995;261.348045183938;252.041780184062;249.039543321495;241.112943454048;226.448194108277;224.637771134678;229.535325579642;241.443280186934;281.117017007412;338.257622874032;363.26694770369;377.65357733867;384.595897373512;380.34807671822;378.675384141236;379.331384879941;383.763653581765;385.326860140658;391.392892013062;396.184112340315;400.270650310902;398.680428310799;404.678690401156;419.812321500639;425.712070255887;421.510682545385;410.463144043406;401.612730678511;392.829720701982;390.033406959553;383.741680628748;375.383123552264;368.564145841486;358.935184409762;351.162445208613;338.770090684138;319.288548942043;307.739335049422;296.73092310364;;
Unemployment, NAIRU,UPSVAR unemployment, SA,number of disposable unemployed persons,[SK, sa, thousands], UPSVAR, NBS calculations;;;;;;;;;;;;;;;;;;;;;341.260591666502;358.553058873972;375.973598177159;403.778632840219;431.438740986591;467.696460532817;500.371311421358;514.299477655075;516.397288159548;527.039761740045;499.816561364421;478.112811037363;517.667975168898;501.182177511838;500.35217988952;504.333994189187;514.279663395557;502.711613665068;488.18164565585;476.136106954747;440.13198551409;415.661185123256;400.151236757902;401.035314891315;416.635803146405;398.597231661666;370.068208505698;348.689665564317;325.795774543396;300.033070481571;290.234812637599;289.12857577098;286.45782132987;275.379153433671;258.111464425043;241.132489868262;228.980749929158;219.91113552562;217.943291964052;209.763161835564;195.726632723277;194.122758398186;197.300864341797;211.384013418904;249.290063362418;301.446597708916;325.136625464088;335.536445471019;339.289150845537;333.311919663591;333.615036811208;334.807169092232;341.310139125809;346.473063660838;355.500864783903;360.083463531742;362.614265268852;361.780449152849;363.334954392064;380.708071830725;389.973454547465;388.310132105525;376.39596452797;367.397951193066;357.080649638827;349.327331786484;340.451305788232;332.675422765522;325.906226817802;315.215631145617;306.983017058122;291.728359463873;271.64074964819;262.29155380579;255.39480192559;;Name;1Q1993;2Q1993;3Q1993;4Q1993;1Q1994;2Q1994;3Q1994;4Q1994;1Q1995;2Q1995;3Q1995;4Q1995;1Q1996;2Q1996;3Q1996;4Q1996;1Q1997;2Q1997;3Q1997;4Q1997;1Q1998;2Q1998;3Q1998;4Q1998;1Q1999;2Q1999;3Q1999;4Q1999;1Q2000;2Q2000;3Q2000;4Q2000;1Q2001;2Q2001;3Q2001;4Q2001;1Q2002;2Q2002;3Q2002;4Q2002;1Q2003;2Q2003;3Q2003;4Q2003;1Q2004;2Q2004;3Q2004;4Q2004;1Q2005;2Q2005;3Q2005;4Q2005;1Q2006;2Q2006;3Q2006;4Q2006;1Q2007;2Q2007;3Q2007;4Q2007;1Q2008;2Q2008;3Q2008;4Q2008;1Q2009;2Q2009;3Q2009;4Q2009;1Q2010;2Q2010;3Q2010;4Q2010;1Q2011;2Q2011;3Q2011;4Q2011;1Q2012;2Q2012;3Q2012;4Q2012;1Q2013;2Q2013;3Q2013;4Q2013;1Q2014;2Q2014;3Q2014;4Q2014;1Q2015;2Q2015;3Q2015;4Q2015;1Q2016;2Q2016;3Q2016;4Q2016;
Unemployment, NAIRU,UPSVAR unemployment, SA,number of disposable unemployed persons,[SK, sa, thousands], UPSVAR, NBS calculations;;;;;;;;;;;;;;;;;;;;;341.260591666502;358.553058873972;375.973598177159;403.778632840219;431.438740986591;467.696460532817;500.371311421358;514.299477655075;516.397288159548;527.039761740045;499.816561364421;478.112811037363;517.667975168898;501.182177511838;500.35217988952;504.333994189187;514.279663395557;502.711613665068;488.18164565585;476.136106954747;440.13198551409;415.661185123256;400.151236757902;401.035314891315;416.635803146405;398.597231661666;370.068208505698;348.689665564317;325.795774543396;300.033070481571;290.234812637599;289.12857577098;286.45782132987;275.379153433671;258.111464425043;241.132489868262;228.980749929158;219.91113552562;217.943291964052;209.763161835564;195.726632723277;194.122758398186;197.300864341797;211.384013418904;249.290063362418;301.446597708916;325.136625464088;335.536445471019;339.289150845537;333.311919663591;333.615036811208;334.807169092232;341.310139125809;346.473063660838;355.500864783903;360.083463531742;362.614265268852;361.780449152849;363.334954392064;380.708071830725;389.973454547465;388.310132105525;376.39596452797;367.397951193066;357.080649638827;349.327331786484;340.451305788232;332.675422765522;325.906226817802;315.215631145617;306.983017058122;291.728359463873;271.64074964819;262.29155380579;255.39480192559;;
Unemployment, NAIRU,LFS unemployed heads and rate, SA,Unemployment rate,[SK, sa, %], SO SR (LFS);;;;;;;;;13.7690663650806;13.4007889878048;12.6606099818388;12.5857884757497;11.7146923842415;11.3176168778648;11.1016824785737;11.1796146328568;11.4879349622252;11.6193460127313;12.171503841842;12.2512098930789;12.1745671476033;12.2860539906511;12.9325197202917;13.0249938338809;14.8637066729962;15.971685340717;16.9295006029967;17.6377322407894;18.5130414827068;19.0338814998514;18.8430592023609;18.6383224164013;19.3049049268659;19.3813954510717;19.327248820893;19.1964305424506;18.8553136663452;18.7471173810901;18.5616074579167;18.3475672051099;17.7974382750522;17.1495330439423;17.3240748913296;17.7334419509994;18.7099734193522;18.5871263606536;17.7982196278542;17.4392138211488;16.9536377973312;16.3119989629245;15.8783002960131;15.5362395188186;14.4697627334048;13.5608439309765;12.9685334540029;12.2384043403861;11.1517222485415;11.1395499679009;11.2752801921777;10.5044853451686;10.1252027260991;10.1537809016227;9.11170951875309;8.88255746465321;10.1568483293131;11.3643154396991;12.7091938170724;13.9598130690043;14.7328993013813;14.5337997574202;14.3222359732591;13.9034882293053;13.5945247468615;13.4401110639764;13.4308558187916;13.9562854658605;13.7376972892461;13.8700049367931;13.8885585502971;14.295153132821;14.2325347295826;14.3009865796837;14.2330353128185;14.0967654999199;13.8367805250825;13.4398743221956;12.9846622596294;12.46136581101;12.1735175651771;11.5310570293842;11.3686873841567;10.8347069353637;10.1472122839655;9.92310238764751;9.54429603156149;;
Unemployment, NAIRU,LFS unemployed heads and rate, SA,Unemployed persons,[SK, sa, thousands], SO SR (LFS);;;;;;;;;338.655022525195;331.089958842586;312.332509585772;312.722509046448;292.82047671573;283.377618821192;279.355623316327;281.346281146752;288.201405672594;290.684708037993;304.547532347015;306.366353942398;305.328888894083;309.155980722313;325.978268696765;327.936861686839;377.981591482854;406.022823458632;432.095351312052;451.200233746461;478.071230119649;491.729549938109;487.520952274479;483.578267667762;505.902827376615;510.978932082511;509.615788321226;505.402452219649;492.976417114752;489.14525710766;484.622353837631;480.855971939957;465.723485748662;450.25834637013;454.982607489185;465.735560392024;494.998429400706;492.782874214338;472.969591302281;462.149105082675;448.287229791858;429.414632302283;419.409162836267;412.688975069593;384.668850886848;360.886127431336;344.212942997248;323.732078684569;293.950317712959;293.810932574991;299.604994142848;280.033755569201;271.300303593281;272.411887405832;246.893172833986;239.194636166901;272.16110150169;305.307708172325;342.765810955025;376.46537937096;397.921867918884;393.433080172061;387.996215942938;376.648835966117;363.674903460644;359.936323661685;359.574287915045;375.327484962626;371.852661991308;375.575683493992;376.175892548323;386.343761966378;387.575779191178;388.126263640599;386.014833617426;382.264123550797;375.657530803351;365.228781991931;353.590971043482;340.382716161236;332.63716199329;314.741907886771;311.608717033472;297.956213086467;278.869916888336;274.027202017256;263.599852749933;;
Unemployment, NAIRU,LFS unemployment rate, NSA, age,15-19 years,[SK, nsa, %], SO SR (LFS);;;;;45.1;41.1;47.6;46.4;43.9;41.5;42.9;43.3;43.7;37.9;43.6;41.7;39.5;35.4;39.5;36.8;37.4;35.1;42.9;44;50.8;48.8;59.7;62.4;59.9;57.5;61.5;58.5;55.2;55.9;67;60.8;56.3;52.4;59.7;54.7;54.4;55;63.3;54.8;54.3;53.1;54.8;59;57.9;60.5;65.9;64;59.5;53.8;59.7;51.1;45.4;42.7;52.3;42.9;41.9;39.1;43.4;40.3;41.8;47.7;61.7;62.4;61.3;61.9;62.4;61.2;61.6;61;72.5;72.2;68.9;65.9;56.8;60.8;59.9;65.1;62.1;63.1;63.4;48;59.8;52.8;51.3;56.7;57.3;47.6;42.2;35.7;;;Name;1Q1993;2Q1993;3Q1993;4Q1993;1Q1994;2Q1994;3Q1994;4Q1994;1Q1995;2Q1995;3Q1995;4Q1995;1Q1996;2Q1996;3Q1996;4Q1996;1Q1997;2Q1997;3Q1997;4Q1997;1Q1998;2Q1998;3Q1998;4Q1998;1Q1999;2Q1999;3Q1999;4Q1999;1Q2000;2Q2000;3Q2000;4Q2000;1Q2001;2Q2001;3Q2001;4Q2001;1Q2002;2Q2002;3Q2002;4Q2002;1Q2003;2Q2003;3Q2003;4Q2003;1Q2004;2Q2004;3Q2004;4Q2004;1Q2005;2Q2005;3Q2005;4Q2005;1Q2006;2Q2006;3Q2006;4Q2006;1Q2007;2Q2007;3Q2007;4Q2007;1Q2008;2Q2008;3Q2008;4Q2008;1Q2009;2Q2009;3Q2009;4Q2009;1Q2010;2Q2010;3Q2010;4Q2010;1Q2011;2Q2011;3Q2011;4Q2011;1Q2012;2Q2012;3Q2012;4Q2012;1Q2013;2Q2013;3Q2013;4Q2013;1Q2014;2Q2014;3Q2014;4Q2014;1Q2015;2Q2015;3Q2015;4Q2015;1Q2016;2Q2016;3Q2016;4Q2016;
Unemployment, NAIRU,LFS unemployed heads and rate, SA,Unemployed persons,[SK, sa, thousands], SO SR (LFS);;;;;;;;;338.655022525195;331.089958842586;312.332509585772;312.722509046448;292.82047671573;283.377618821192;279.355623316327;281.346281146752;288.201405672594;290.684708037993;304.547532347015;306.366353942398;305.328888894083;309.155980722313;325.978268696765;327.936861686839;377.981591482854;406.022823458632;432.095351312052;451.200233746461;478.071230119649;491.729549938109;487.520952274479;483.578267667762;505.902827376615;510.978932082511;509.615788321226;505.402452219649;492.976417114752;489.14525710766;484.622353837631;480.855971939957;465.723485748662;450.25834637013;454.982607489185;465.735560392024;494.998429400706;492.782874214338;472.969591302281;462.149105082675;448.287229791858;429.414632302283;419.409162836267;412.688975069593;384.668850886848;360.886127431336;344.212942997248;323.732078684569;293.950317712959;293.810932574991;299.604994142848;280.033755569201;271.300303593281;272.411887405832;246.893172833986;239.194636166901;272.16110150169;305.307708172325;342.765810955025;376.46537937096;397.921867918884;393.433080172061;387.996215942938;376.648835966117;363.674903460644;359.936323661685;359.574287915045;375.327484962626;371.852661991308;375.575683493992;376.175892548323;386.343761966378;387.575779191178;388.126263640599;386.014833617426;382.264123550797;375.657530803351;365.228781991931;353.590971043482;340.382716161236;332.63716199329;314.741907886771;311.608717033472;297.956213086467;278.869916888336;274.027202017256;263.599852749933;;Name;1Q1993;2Q1993;3Q1993;4Q1993;1Q1994;2Q1994;3Q1994;4Q1994;1Q1995;2Q1995;3Q1995;4Q1995;1Q1996;2Q1996;3Q1996;4Q1996;1Q1997;2Q1997;3Q1997;4Q1997;1Q1998;2Q1998;3Q1998;4Q1998;1Q1999;2Q1999;3Q1999;4Q1999;1Q2000;2Q2000;3Q2000;4Q2000;1Q2001;2Q2001;3Q2001;4Q2001;1Q2002;2Q2002;3Q2002;4Q2002;1Q2003;2Q2003;3Q2003;4Q2003;1Q2004;2Q2004;3Q2004;4Q2004;1Q2005;2Q2005;3Q2005;4Q2005;1Q2006;2Q2006;3Q2006;4Q2006;1Q2007;2Q2007;3Q2007;4Q2007;1Q2008;2Q2008;3Q2008;4Q2008;1Q2009;2Q2009;3Q2009;4Q2009;1Q2010;2Q2010;3Q2010;4Q2010;1Q2011;2Q2011;3Q2011;4Q2011;1Q2012;2Q2012;3Q2012;4Q2012;1Q2013;2Q2013;3Q2013;4Q2013;1Q2014;2Q2014;3Q2014;4Q2014;1Q2015;2Q2015;3Q2015;4Q2015;1Q2016;2Q2016;3Q2016;4Q2016;
Unemployment, NAIRU,LFS unemployment rate, NSA, age,15-19 years,[SK, nsa, %], SO SR (LFS);;;;;45.1;41.1;47.6;46.4;43.9;41.5;42.9;43.3;43.7;37.9;43.6;41.7;39.5;35.4;39.5;36.8;37.4;35.1;42.9;44;50.8;48.8;59.7;62.4;59.9;57.5;61.5;58.5;55.2;55.9;67;60.8;56.3;52.4;59.7;54.7;54.4;55;63.3;54.8;54.3;53.1;54.8;59;57.9;60.5;65.9;64;59.5;53.8;59.7;51.1;45.4;42.7;52.3;42.9;41.9;39.1;43.4;40.3;41.8;47.7;61.7;62.4;61.3;61.9;62.4;61.2;61.6;61;72.5;72.2;68.9;65.9;56.8;60.8;59.9;65.1;62.1;63.1;63.4;48;59.8;52.8;51.3;56.7;57.3;47.6;42.2;35.7;;;
Unemployment, NAIRU,LFS unemployment rate, NSA, age,20-24 years,[SK, nsa, %], SO SR (LFS);;;;;20.1;19.7;19.3;19.3;20.4;18.2;16.4;15.9;15.7;14.6;13.3;13;15.6;14.7;16.9;16.6;18;17.7;18.2;18.1;23.5;24.5;25.4;24.2;28.1;29.2;28.2;28.7;32.5;31.9;31.5;31;32.9;32.8;31.2;30.6;29.5;27.8;27.4;26.5;29.5;28.8;29.1;27.4;27.6;24.2;25.6;25.6;25.5;22.9;22.3;19.3;17;16.1;17.6;16.6;16.1;17;15.9;15.5;20;23;25.5;29;31.4;29.3;30.6;31.4;30.2;29.1;29.3;30;29.9;28.6;31.8;33.1;31.7;29.8;30.8;31;28.7;27.4;27.1;25;24;22.7;24.8;24;22.5;19.3;;;
Unemployment, NAIRU,LFS unemployment rate, NSA, age,25-29 years,[SK, nsa, %], SO SR (LFS);;;;;15.4;15.4;15.8;16.2;18.1;16.7;16.2;15.2;14.9;13.8;13.2;12.6;14.8;13.7;12.3;12.2;12.6;11.4;12.3;11.6;15.4;16.5;17.7;18.2;19.8;19.2;18.5;18.4;20.5;19.9;19;18.4;19.3;16.9;16.4;16.9;17.4;15.8;16.6;18.2;18.9;18;16.5;16.7;17.7;17.2;15.6;14.7;13.6;12;11.8;12.2;12;11.2;11.3;10.3;11.5;10.8;10.2;10.4;12.7;13;14.2;15.1;16.9;17.3;17.1;15.4;16.7;15.5;16.8;18;18.5;17.9;16.6;18.5;18.9;18.3;18.2;18.9;17.3;16.2;16.3;14.5;12.7;11.8;12.1;12;12.8;11.5;;;
Unemployment, NAIRU,LFS unemployment rate, NSA, age,30-34 years,[SK, nsa, %], SO SR (LFS);;;;;13.3;12.8;12.1;14;12.9;12.3;11.9;12.2;13.2;12.7;12;12.6;13.8;13.2;13.5;13;14.3;13.8;13.4;13.3;15.5;16.1;15.1;16.5;17.9;18.4;17.6;15.3;17.4;17.9;17.8;18;17.2;17.1;16.9;16.6;17.7;15.8;15.7;16;17.2;16.2;15;15.1;15.5;15.7;14;13.5;13.7;11.8;10.3;10.5;10.5;10.9;10.3;9.3;8.8;9.9;8;8.4;9.1;10.1;11;12.5;13.6;12.4;12.4;12.3;13;13.4;13.4;12.8;14;14.2;12.4;12.5;13.3;13.3;13.7;14.5;16.5;16;15.1;13.9;13;12;11.7;10.3;9.5;9.1;;;Name;1Q1993;2Q1993;3Q1993;4Q1993;1Q1994;2Q1994;3Q1994;4Q1994;1Q1995;2Q1995;3Q1995;4Q1995;1Q1996;2Q1996;3Q1996;4Q1996;1Q1997;2Q1997;3Q1997;4Q1997;1Q1998;2Q1998;3Q1998;4Q1998;1Q1999;2Q1999;3Q1999;4Q1999;1Q2000;2Q2000;3Q2000;4Q2000;1Q2001;2Q2001;3Q2001;4Q2001;1Q2002;2Q2002;3Q2002;4Q2002;1Q2003;2Q2003;3Q2003;4Q2003;1Q2004;2Q2004;3Q2004;4Q2004;1Q2005;2Q2005;3Q2005;4Q2005;1Q2006;2Q2006;3Q2006;4Q2006;1Q2007;2Q2007;3Q2007;4Q2007;1Q2008;2Q2008;3Q2008;4Q2008;1Q2009;2Q2009;3Q2009;4Q2009;1Q2010;2Q2010;3Q2010;4Q2010;1Q2011;2Q2011;3Q2011;4Q2011;1Q2012;2Q2012;3Q2012;4Q2012;1Q2013;2Q2013;3Q2013;4Q2013;1Q2014;2Q2014;3Q2014;4Q2014;1Q2015;2Q2015;3Q2015;4Q2015;1Q2016;2Q2016;3Q2016;4Q2016;
Unemployment, NAIRU,LFS unemployment rate, NSA, age,30-34 years,[SK, nsa, %], SO SR (LFS);;;;;13.3;12.8;12.1;14;12.9;12.3;11.9;12.2;13.2;12.7;12;12.6;13.8;13.2;13.5;13;14.3;13.8;13.4;13.3;15.5;16.1;15.1;16.5;17.9;18.4;17.6;15.3;17.4;17.9;17.8;18;17.2;17.1;16.9;16.6;17.7;15.8;15.7;16;17.2;16.2;15;15.1;15.5;15.7;14;13.5;13.7;11.8;10.3;10.5;10.5;10.9;10.3;9.3;8.8;9.9;8;8.4;9.1;10.1;11;12.5;13.6;12.4;12.4;12.3;13;13.4;13.4;12.8;14;14.2;12.4;12.5;13.3;13.3;13.7;14.5;16.5;16;15.1;13.9;13;12;11.7;10.3;9.5;9.1;;;
Unemployment, NAIRU,LFS unemployment rate, NSA, age,35-39 years,[SK, nsa, %], SO SR (LFS);;;;;10.6;11.6;10.2;11.6;12.5;12.4;10.9;10.8;11.2;10.1;9.9;9.2;9.3;8.6;9.1;9.5;9.6;9.5;10;10.1;13.3;13.2;13.6;14.6;17.5;17;16.1;15.9;17.6;15.8;15.3;14.3;16;15.8;15.4;15.4;16.8;14.7;13.6;14.4;16.7;16.5;15.1;14;14.7;15;14.6;13.6;13.6;13.2;12.2;10.9;10.1;8.9;8.9;8.7;9.2;9.1;8.3;7.1;9.6;9.6;9.8;10.4;12.2;12.1;11.5;11.5;11.1;10.1;10.3;10.9;10.8;11.2;10.7;11.2;12.8;11.3;11;10.7;10;9.1;9.3;10.2;10.1;9.2;9.2;9.3;9.2;8.5;;;Name;1Q1993;2Q1993;3Q1993;4Q1993;1Q1994;2Q1994;3Q1994;4Q1994;1Q1995;2Q1995;3Q1995;4Q1995;1Q1996;2Q1996;3Q1996;4Q1996;1Q1997;2Q1997;3Q1997;4Q1997;1Q1998;2Q1998;3Q1998;4Q1998;1Q1999;2Q1999;3Q1999;4Q1999;1Q2000;2Q2000;3Q2000;4Q2000;1Q2001;2Q2001;3Q2001;4Q2001;1Q2002;2Q2002;3Q2002;4Q2002;1Q2003;2Q2003;3Q2003;4Q2003;1Q2004;2Q2004;3Q2004;4Q2004;1Q2005;2Q2005;3Q2005;4Q2005;1Q2006;2Q2006;3Q2006;4Q2006;1Q2007;2Q2007;3Q2007;4Q2007;1Q2008;2Q2008;3Q2008;4Q2008;1Q2009;2Q2009;3Q2009;4Q2009;1Q2010;2Q2010;3Q2010;4Q2010;1Q2011;2Q2011;3Q2011;4Q2011;1Q2012;2Q2012;3Q2012;4Q2012;1Q2013;2Q2013;3Q2013;4Q2013;1Q2014;2Q2014;3Q2014;4Q2014;1Q2015;2Q2015;3Q2015;4Q2015;1Q2016;2Q2016;3Q2016;4Q2016;
Unemployment, NAIRU,LFS unemployment rate, NSA, age,25-29 years,[SK, nsa, %], SO SR (LFS);;;;;15.4;15.4;15.8;16.2;18.1;16.7;16.2;15.2;14.9;13.8;13.2;12.6;14.8;13.7;12.3;12.2;12.6;11.4;12.3;11.6;15.4;16.5;17.7;18.2;19.8;19.2;18.5;18.4;20.5;19.9;19;18.4;19.3;16.9;16.4;16.9;17.4;15.8;16.6;18.2;18.9;18;16.5;16.7;17.7;17.2;15.6;14.7;13.6;12;11.8;12.2;12;11.2;11.3;10.3;11.5;10.8;10.2;10.4;12.7;13;14.2;15.1;16.9;17.3;17.1;15.4;16.7;15.5;16.8;18;18.5;17.9;16.6;18.5;18.9;18.3;18.2;18.9;17.3;16.2;16.3;14.5;12.7;11.8;12.1;12;12.8;11.5;;;Name;1Q1993;2Q1993;3Q1993;4Q1993;1Q1994;2Q1994;3Q1994;4Q1994;1Q1995;2Q1995;3Q1995;4Q1995;1Q1996;2Q1996;3Q1996;4Q1996;1Q1997;2Q1997;3Q1997;4Q1997;1Q1998;2Q1998;3Q1998;4Q1998;1Q1999;2Q1999;3Q1999;4Q1999;1Q2000;2Q2000;3Q2000;4Q2000;1Q2001;2Q2001;3Q2001;4Q2001;1Q2002;2Q2002;3Q2002;4Q2002;1Q2003;2Q2003;3Q2003;4Q2003;1Q2004;2Q2004;3Q2004;4Q2004;1Q2005;2Q2005;3Q2005;4Q2005;1Q2006;2Q2006;3Q2006;4Q2006;1Q2007;2Q2007;3Q2007;4Q2007;1Q2008;2Q2008;3Q2008;4Q2008;1Q2009;2Q2009;3Q2009;4Q2009;1Q2010;2Q2010;3Q2010;4Q2010;1Q2011;2Q2011;3Q2011;4Q2011;1Q2012;2Q2012;3Q2012;4Q2012;1Q2013;2Q2013;3Q2013;4Q2013;1Q2014;2Q2014;3Q2014;4Q2014;1Q2015;2Q2015;3Q2015;4Q2015;1Q2016;2Q2016;3Q2016;4Q2016;
Unemployment, NAIRU,LFS unemployment rate, NSA, age,20-24 years,[SK, nsa, %], SO SR (LFS);;;;;20.1;19.7;19.3;19.3;20.4;18.2;16.4;15.9;15.7;14.6;13.3;13;15.6;14.7;16.9;16.6;18;17.7;18.2;18.1;23.5;24.5;25.4;24.2;28.1;29.2;28.2;28.7;32.5;31.9;31.5;31;32.9;32.8;31.2;30.6;29.5;27.8;27.4;26.5;29.5;28.8;29.1;27.4;27.6;24.2;25.6;25.6;25.5;22.9;22.3;19.3;17;16.1;17.6;16.6;16.1;17;15.9;15.5;20;23;25.5;29;31.4;29.3;30.6;31.4;30.2;29.1;29.3;30;29.9;28.6;31.8;33.1;31.7;29.8;30.8;31;28.7;27.4;27.1;25;24;22.7;24.8;24;22.5;19.3;;;Name;1Q1993;2Q1993;3Q1993;4Q1993;1Q1994;2Q1994;3Q1994;4Q1994;1Q1995;2Q1995;3Q1995;4Q1995;1Q1996;2Q1996;3Q1996;4Q1996;1Q1997;2Q1997;3Q1997;4Q1997;1Q1998;2Q1998;3Q1998;4Q1998;1Q1999;2Q1999;3Q1999;4Q1999;1Q2000;2Q2000;3Q2000;4Q2000;1Q2001;2Q2001;3Q2001;4Q2001;1Q2002;2Q2002;3Q2002;4Q2002;1Q2003;2Q2003;3Q2003;4Q2003;1Q2004;2Q2004;3Q2004;4Q2004;1Q2005;2Q2005;3Q2005;4Q2005;1Q2006;2Q2006;3Q2006;4Q2006;1Q2007;2Q2007;3Q2007;4Q2007;1Q2008;2Q2008;3Q2008;4Q2008;1Q2009;2Q2009;3Q2009;4Q2009;1Q2010;2Q2010;3Q2010;4Q2010;1Q2011;2Q2011;3Q2011;4Q2011;1Q2012;2Q2012;3Q2012;4Q2012;1Q2013;2Q2013;3Q2013;4Q2013;1Q2014;2Q2014;3Q2014;4Q2014;1Q2015;2Q2015;3Q2015;4Q2015;1Q2016;2Q2016;3Q2016;4Q2016;
Unemployment, NAIRU,LFS unemployment rate, NSA, age,35-39 years,[SK, nsa, %], SO SR (LFS);;;;;10.6;11.6;10.2;11.6;12.5;12.4;10.9;10.8;11.2;10.1;9.9;9.2;9.3;8.6;9.1;9.5;9.6;9.5;10;10.1;13.3;13.2;13.6;14.6;17.5;17;16.1;15.9;17.6;15.8;15.3;14.3;16;15.8;15.4;15.4;16.8;14.7;13.6;14.4;16.7;16.5;15.1;14;14.7;15;14.6;13.6;13.6;13.2;12.2;10.9;10.1;8.9;8.9;8.7;9.2;9.1;8.3;7.1;9.6;9.6;9.8;10.4;12.2;12.1;11.5;11.5;11.1;10.1;10.3;10.9;10.8;11.2;10.7;11.2;12.8;11.3;11;10.7;10;9.1;9.3;10.2;10.1;9.2;9.2;9.3;9.2;8.5;;;
Unemployment, NAIRU,LFS unemployment rate, NSA, age,40-44 years,[SK, nsa, %], SO SR (LFS);;;;;8.7;8.5;8.9;8.9;9.8;9.7;7.7;8.1;7.5;7;6.2;6.9;7.8;8.7;8.7;8.8;10.4;11;10.2;9.5;10.9;11.4;11.4;12;14.4;13.8;13.7;12.9;14.9;14.5;13.8;14.1;15.1;14.4;14.3;14;15;14.2;13.4;13.8;15;15;15;14.3;15.1;13.4;12.7;12.5;12.5;11.4;10.4;9.7;10.2;10.8;10.6;9.2;9.1;8.6;7.2;6.7;9.1;10.4;10.9;12;13.8;12.6;11.5;11.4;11.8;10.5;10;10.5;10.2;9.8;9.9;11.6;10.6;10;9.8;9.2;8.9;9.3;9.5;9.9;10;10.3;10;9.1;7.2;6.3;;;Name;1Q1993;2Q1993;3Q1993;4Q1993;1Q1994;2Q1994;3Q1994;4Q1994;1Q1995;2Q1995;3Q1995;4Q1995;1Q1996;2Q1996;3Q1996;4Q1996;1Q1997;2Q1997;3Q1997;4Q1997;1Q1998;2Q1998;3Q1998;4Q1998;1Q1999;2Q1999;3Q1999;4Q1999;1Q2000;2Q2000;3Q2000;4Q2000;1Q2001;2Q2001;3Q2001;4Q2001;1Q2002;2Q2002;3Q2002;4Q2002;1Q2003;2Q2003;3Q2003;4Q2003;1Q2004;2Q2004;3Q2004;4Q2004;1Q2005;2Q2005;3Q2005;4Q2005;1Q2006;2Q2006;3Q2006;4Q2006;1Q2007;2Q2007;3Q2007;4Q2007;1Q2008;2Q2008;3Q2008;4Q2008;1Q2009;2Q2009;3Q2009;4Q2009;1Q2010;2Q2010;3Q2010;4Q2010;1Q2011;2Q2011;3Q2011;4Q2011;1Q2012;2Q2012;3Q2012;4Q2012;1Q2013;2Q2013;3Q2013;4Q2013;1Q2014;2Q2014;3Q2014;4Q2014;1Q2015;2Q2015;3Q2015;4Q2015;1Q2016;2Q2016;3Q2016;4Q2016;
Unemployment, NAIRU,UPSVAR unemployment, SA,registered unemployment rate,[SK, sa, %], UPSVAR, NBS calculations;;;;;;;;;;;;;;;;;;;;;13.0911187108574;13.7544761173224;14.4227465053901;15.4893771636682;16.205148409401;17.5670143486753;18.7943051726125;19.3174570814375;19.1639119880306;19.5588626039768;18.5485880963582;17.7431447475747;19.1989060422587;18.5874923650917;18.5567099966035;18.7043847269016;19.0123277582665;18.5846702624444;18.0475140539246;17.6022043399488;16.5804672675066;15.6586135548845;15.0743292954888;15.1076339155469;15.9117619729502;15.222849849629;14.1332962818599;13.3168271161213;12.5938472013076;11.5979731483005;11.2192151294191;11.17645282507;11.1956757352566;10.7626864289474;10.087810644651;9.42421873233245;8.80494371588167;8.45619193490175;8.38052290243234;8.06597425416297;7.50257715920921;7.44109758072649;7.56292047590599;8.10275458598862;9.40717930211338;11.3753518949416;12.2693158811474;12.6617622153307;12.6268362472698;12.4043902328351;12.415670907673;12.4600367798503;12.7941341078487;12.9876682028482;13.3260785957047;13.4978589685131;13.4188215536745;13.3879655429191;13.4454912125002;14.0883968703005;14.4500552322088;14.3884225726656;13.9469552228265;13.6135433350724;13.2321242560029;12.9448141894332;12.6159005979877;12.3277543473838;12.0837409426622;11.6873619293282;11.3821183723531;10.8165160138533;9.99946438181731;9.65530780388936;9.40142901410684;;Name;1Q1993;2Q1993;3Q1993;4Q1993;1Q1994;2Q1994;3Q1994;4Q1994;1Q1995;2Q1995;3Q1995;4Q1995;1Q1996;2Q1996;3Q1996;4Q1996;1Q1997;2Q1997;3Q1997;4Q1997;1Q1998;2Q1998;3Q1998;4Q1998;1Q1999;2Q1999;3Q1999;4Q1999;1Q2000;2Q2000;3Q2000;4Q2000;1Q2001;2Q2001;3Q2001;4Q2001;1Q2002;2Q2002;3Q2002;4Q2002;1Q2003;2Q2003;3Q2003;4Q2003;1Q2004;2Q2004;3Q2004;4Q2004;1Q2005;2Q2005;3Q2005;4Q2005;1Q2006;2Q2006;3Q2006;4Q2006;1Q2007;2Q2007;3Q2007;4Q2007;1Q2008;2Q2008;3Q2008;4Q2008;1Q2009;2Q2009;3Q2009;4Q2009;1Q2010;2Q2010;3Q2010;4Q2010;1Q2011;2Q2011;3Q2011;4Q2011;1Q2012;2Q2012;3Q2012;4Q2012;1Q2013;2Q2013;3Q2013;4Q2013;1Q2014;2Q2014;3Q2014;4Q2014;1Q2015;2Q2015;3Q2015;4Q2015;1Q2016;2Q2016;3Q2016;4Q2016;
General Government Breakdown,General government debt,General Government debt (maastricht debt),[SK, GG, n, nsa, mil. Eur], SO SR;;;;;;;;;;;;;;;;;;;;;;;;;;;;;13822.78;15069.04;15242.22;15681.7;15801.85;16352.96;16382.99;16565.649;16927.491;17297.303;16136.175;15986.438;15834.726;16442.484;16413.092;17219.548;17609.82;18345.732;18596.514;18735.306;17643.584;16663.452;16827.22;17201.179;17884.39;17821.91;17568.25;17430.537;16917.63;18870.04;18922.52;18979.8;17628.65;17617.25;18199.7;19493.7;19849.75;21971.24;23143.18;23236.84;23801.92;25972.55;25870.46;27842.28;29301.81;29905.47;29877.07;30846.87;33290.43;36219.29;37340.41;37925.71;40017.58;42277.74;41689.89;40600.01;42983.48;41768.86;41858.06;40725.02;41325.52;41904.25;41635.44;41293.32;41034.23;42259.87;;;
General Government Breakdown,General government debt,Central Government debt   ,[SK, CG, n, nsa, mil. Eur], SO SR;;;;;;;;;;;;;;;;;;;;;;;;;;;;;13463.32;14708.33;14713.04;15275.54;15409.24;15965.92;16014.41;16205.159;16599.131;16990.153;15827.965;15667.878;15508.626;16111.474;16109.162;16889.008;17285.08;18003.772;18272.544;18324.766;17950.864;16959.822;16963.78;17273.319;17935.61;17863.15;17674.94;17604.947;17121.57;19027.43;19062.83;19125.61;17829.63;17909.47;18532.35;19661.38;19853.6;21721.06;22810.17;22914.04;23369.89;25541.93;25324.34;27267.86;28766;29461.46;29512.71;30547.6;32982.14;35986.96;37068.47;37766.52;39949.1;42179.34;41582.4;40500.49;42851.38;41671.49;41802.87;40531.4;41153.47;42239.52;41870.04;41340.82;40961.46;42190.18;;;
General Government Breakdown,General government debt,Local Government debt,[SK, LG, n, nsa, mil. Eur], SO SR;;;;;;;;;;;;;;;;;;;;;;;;;;;;;362.28;363.74;532.99;417.48;406.29;407.72;405;431.65;411.14;432.32;461.96;480.98;501.1;505.18;476.8;487.85;454.59;499.27;522.11;621.09;624.24;642.82;705.11;788.28;810.89;817.46;832.69;918.13;919.24;980.13;1006.97;1117.45;1067.53;1091.9;1132.17;1288.07;1281.2;1337.45;1389.04;1507.88;1478.07;1531.49;1652.52;1787.48;1766.33;1767.7;1792.49;1717.26;1722.48;1703.32;1696.88;1683.75;1660.24;1619.4;1634.76;1638.73;1683.54;1665.17;1663.96;1688.39;1705.25;1710.25;1708.5;1823.26;1822;1795.94;;;
General Government Breakdown,General government debt,Social Security Funds debt,[SK, SSF, n, nsa, mil. Eur], SO SR;;;;;;;;;;;;;;;;;;;;;;;;;;;;;132.78;132.78;132.78;146.05;146.05;146.05;151.53;112.56;112.56;112.56;112.56;93.71;93.71;90.42;58.09;13.28;13.28;6.64;6.64;6.64;6.64;0;0;0;0;0;0;0;0;0;0;0;0;0;0;0;0;0;0;0;0;0;0;0;0;0;0;0;0;0;0;0;0;0;0;0;0;0;0;0;0.33;1.52;0.4;0.37;0.24;0;;;
General Government Breakdown,General government debt,EFSF,  ESM,[SK, GG, n, nsa, mil. Eur], Eurostat;;;;;;;;;;;;;;;;;;;;;;;;;;;;;;;;;;;;;;;;;;;;;;;;;;;;;;;;;;;;;;;;;;;;;;;;;43.6159;119.692;119.692;172.6129;615.682;1092.8196;1120.494;1758.008;1817.614;2184.336;2221.667;2422.8027633639;2423.13595054896;2635.7;2657.007;2657.007;2540.64;2540.63989453698;2540.63989453698;2540.63989453698;2540.63989453698;2540.63989453698;;;
General Government Breakdown,General government debt,Net debt,[SK, GG, n, nsa, mil. Eur], NBS calculations;;;;;;;;;;;;;;;;;;;;;;;;;;;;;4419.17;5477.819;5857.198;7214.057;7256.238;7376.759;7612.699;8942.839;9996.228;9732.859;6623.469;6995.744;6825.268;6897.207;6786.486;8605.613;8681.301;8847.148;9754.248;9907.15;10804.431755;10092.134755;10688.350755;12411.730755;11868.862755;10419.353755;10706.593755;13171.671755;12960.608755;12703.386755;12552.780755;13411.185755;13563.8171902261;13019.8870148204;12824.8880148204;14065.046755;14400.587755;15558.147755;16508.724755;19080.230755;19506.680755;20964.693755;21865.725755;23966.389755;24963.201755;25473.242755;25901.613755;27660.649755;28583.640755;28689.521755;28948.515755;30285.384755;30903.068;31205.237;31333.599;32316.899;33156.609;33530.574;33309.471;34260.825;34787.73;34008.31;33363.22;34354.95;34865.16;35073.12;;;Name;1Q1993;2Q1993;3Q1993;4Q1993;1Q1994;2Q1994;3Q1994;4Q1994;1Q1995;2Q1995;3Q1995;4Q1995;1Q1996;2Q1996;3Q1996;4Q1996;1Q1997;2Q1997;3Q1997;4Q1997;1Q1998;2Q1998;3Q1998;4Q1998;1Q1999;2Q1999;3Q1999;4Q1999;1Q2000;2Q2000;3Q2000;4Q2000;1Q2001;2Q2001;3Q2001;4Q2001;1Q2002;2Q2002;3Q2002;4Q2002;1Q2003;2Q2003;3Q2003;4Q2003;1Q2004;2Q2004;3Q2004;4Q2004;1Q2005;2Q2005;3Q2005;4Q2005;1Q2006;2Q2006;3Q2006;4Q2006;1Q2007;2Q2007;3Q2007;4Q2007;1Q2008;2Q2008;3Q2008;4Q2008;1Q2009;2Q2009;3Q2009;4Q2009;1Q2010;2Q2010;3Q2010;4Q2010;1Q2011;2Q2011;3Q2011;4Q2011;1Q2012;2Q2012;3Q2012;4Q2012;1Q2013;2Q2013;3Q2013;4Q2013;1Q2014;2Q2014;3Q2014;4Q2014;1Q2015;2Q2015;3Q2015;4Q2015;1Q2016;2Q2016;3Q2016;4Q2016;
Unemployment, NAIRU,UPSVAR unemployment, SA,number of disposable unemployed persons,[SK, sa, thousands], UPSVAR, NBS calculations;;;;;;;;;;;;;;;;;;;;;341.260591666502;358.553058873972;375.973598177159;403.778632840219;431.438740986591;467.696460532817;500.371311421358;514.299477655075;516.397288159548;527.039761740045;499.816561364421;478.112811037363;517.667975168898;501.182177511838;500.35217988952;504.333994189187;514.279663395557;502.711613665068;488.18164565585;476.136106954747;440.13198551409;415.661185123256;400.151236757902;401.035314891315;416.635803146405;398.597231661666;370.068208505698;348.689665564317;325.795774543396;300.033070481571;290.234812637599;289.12857577098;286.45782132987;275.379153433671;258.111464425043;241.132489868262;228.980749929158;219.91113552562;217.943291964052;209.763161835564;195.726632723277;194.122758398186;197.300864341797;211.384013418904;249.290063362418;301.446597708916;325.136625464088;335.536445471019;339.289150845537;333.311919663591;333.615036811208;334.807169092232;341.310139125809;346.473063660838;355.500864783903;360.083463531742;362.614265268852;361.780449152849;363.334954392064;380.708071830725;389.973454547465;388.310132105525;376.39596452797;367.397951193066;357.080649638827;349.327331786484;340.451305788232;332.675422765522;325.906226817802;315.215631145617;306.983017058122;291.728359463873;271.64074964819;262.29155380579;255.39480192559;;Name;1993;1994;1995;1996;1997;1998;1999;2000;2001;2002;2003;2004;2005;2006;2007;2008;2009;2010;2011;2012;2013;2014;2015;2016;
General Government Breakdown,Consolidation effort,II. pillar implementation costs,[SK, GG, n, annual, mil. Eur], CBR;;;;0;0;0;0;0;0;0;0;0;-373.962690035186;-669.288986257718;-777;-813;-795;-811.874;-845.891;-722.527;-417.387;-435.284;-455.171;-477.975;Name;1.1993;2.1993;3.1993;4.1993;5.1993;6.1993;7.1993;8.1993;9.1993;10.1993;11.1993;12.1993;1.1994;2.1994;3.1994;4.1994;5.1994;6.1994;7.1994;8.1994;9.1994;10.1994;11.1994;12.1994;1.1995;2.1995;3.1995;4.1995;5.1995;6.1995;7.1995;8.1995;9.1995;10.1995;11.1995;12.1995;1.1996;2.1996;3.1996;4.1996;5.1996;6.1996;7.1996;8.1996;9.1996;10.1996;11.1996;12.1996;1.1997;2.1997;3.1997;4.1997;5.1997;6.1997;7.1997;8.1997;9.1997;10.1997;11.1997;12.1997;1.1998;2.1998;3.1998;4.1998;5.1998;6.1998;7.1998;8.1998;9.1998;10.1998;11.1998;12.1998;1.1999;2.1999;3.1999;4.1999;5.1999;6.1999;7.1999;8.1999;9.1999;10.1999;11.1999;12.1999;1.2000;2.2000;3.2000;4.2000;5.2000;6.2000;7.2000;8.2000;9.2000;10.2000;11.2000;12.2000;1.2001;2.2001;3.2001;4.2001;5.2001;6.2001;7.2001;8.2001;9.2001;10.2001;11.2001;12.2001;1.2002;2.2002;3.2002;4.2002;5.2002;6.2002;7.2002;8.2002;9.2002;10.2002;11.2002;12.2002;1.2003;2.2003;3.2003;4.2003;5.2003;6.2003;7.2003;8.2003;9.2003;10.2003;11.2003;12.2003;1.2004;2.2004;3.2004;4.2004;5.2004;6.2004;7.2004;8.2004;9.2004;10.2004;11.2004;12.2004;1.2005;2.2005;3.2005;4.2005;5.2005;6.2005;7.2005;8.2005;9.2005;10.2005;11.2005;12.2005;1.2006;2.2006;3.2006;4.2006;5.2006;6.2006;7.2006;8.2006;9.2006;10.2006;11.2006;12.2006;1.2007;2.2007;3.2007;4.2007;5.2007;6.2007;7.2007;8.2007;9.2007;10.2007;11.2007;12.2007;1.2008;2.2008;3.2008;4.2008;5.2008;6.2008;7.2008;8.2008;9.2008;10.2008;11.2008;12.2008;1.2009;2.2009;3.2009;4.2009;5.2009;6.2009;7.2009;8.2009;9.2009;10.2009;11.2009;12.2009;1.2010;2.2010;3.2010;4.2010;5.2010;6.2010;7.2010;8.2010;9.2010;10.2010;11.2010;12.2010;1.2011;2.2011;3.2011;4.2011;5.2011;6.2011;7.2011;8.2011;9.2011;10.2011;11.2011;12.2011;1.2012;2.2012;3.2012;4.2012;5.2012;6.2012;7.2012;8.2012;9.2012;10.2012;11.2012;12.2012;1.2013;2.2013;3.2013;4.2013;5.2013;6.2013;7.2013;8.2013;9.2013;10.2013;11.2013;12.2013;1.2014;2.2014;3.2014;4.2014;5.2014;6.2014;7.2014;8.2014;9.2014;10.2014;11.2014;12.2014;1.2015;2.2015;3.2015;4.2015;5.2015;6.2015;7.2015;8.2015;9.2015;10.2015;11.2015;12.2015;1.2016;2.2016;3.2016;4.2016;5.2016;6.2016;7.2016;8.2016;9.2016;10.2016;11.2016;12.2016;
CPI,CPI - NBS structure (Core inflation, Net inflation, Regulated prices), NSA,CPI,[SK, nsa, index Dec 2000=100], SO SR;;;;;;;;;;;;;;;;;;;;;;;;;;;;;;;;;;;;;;;;;;;;;;;;71.9054043841026;72.6627306294796;72.9887578431784;73.3805597031874;73.7785644135604;73.8215509039571;74.0466991948539;74.0918959549275;74.8266525953069;74.9815334479585;75.6243911242643;76.123488531261;76.5044621105626;77.9307074068397;78.4795467538061;78.6694576846804;78.9748785416027;79.4476876227179;79.5363632746798;79.2559095308355;79.072556886067;79.3987470535153;80.2950158781734;80.6418721439016;80.807892167328;83.2295462338663;83.9310505912285;84.1559412045467;84.5813952133698;84.7407618762314;85.1536774977755;90.0591907613491;90.4783118686688;91.0506230062683;91.550207478349;91.8827552205609;92.2710307278558;94.558482657739;97.7255626591918;98.0922583569949;98.0693561467616;98.3381578531145;98.2769554967126;98.30610352946;98.3741587192478;98.9684877886478;99.3637387978434;99.7783466025098;100;101.642991108648;103.887879914048;104.555966089224;105.060730784538;105.629428862005;105.934587898382;106.195480442214;106.018679120571;106.213699609343;106.175291859169;106.126596254284;106.366851847863;107.942932357145;108.326460187755;108.366117900495;108.815812316756;109.051475971035;108.658179044536;108.330383744458;108.875576303788;109.201450731;109.249273310753;109.241008856075;109.956926950692;115.768902624385;116.505166772628;116.985730853139;117.161200895121;117.301243453912;117.750138368787;117.723062073216;118.920082233682;119.568909556087;119.723381178861;119.939149797101;120.134217170015;125.4059413334;126.3743661571;126.5558810701;126.5779156281;127.0595901595;127.3342110426;127.6816637365;127.5191232207;127.5478314435;127.6100204576;127.4556292622;127.2522271865;129.402137765561;129.81687393728;129.727703578596;130.03976870733;130.101433406757;130.523225854578;130.195141883868;130.104652502149;130.403785125229;131.787696218354;131.804818996944;131.997429091141;134.730049389821;135.527486532516;135.504342019877;135.844501089096;136.381679765963;136.483211603276;136.741720663221;136.753907046555;136.410164088343;136.667539444809;137.485372107166;137.518837848447;138.833161849909;139.138765712769;139.186834705852;139.459831657249;139.494407728788;139.888446519899;139.851740189537;139.94523592597;140.283933551893;141.148827174268;141.789701316601;142.243128483364;144.066964368555;144.692003360614;145.065296300711;145.420467631669;145.87776466914;146.394131487661;146.564495302442;146.899134616584;147.855402044935;148.401652125752;148.704675086751;148.453704061411;149.030916857968;149.010001590545;148.637405402368;148.464830993528;148.618568462936;148.979138326675;149.003110049837;148.821424426446;148.794944898098;148.973001226939;149.358096082033;149.26012589834;149.609695366723;149.642360030162;149.800198210574;150.355980417637;150.448177277953;150.430779927547;150.594501090592;150.375575956844;150.393270087129;150.443534293368;150.832328489817;151.228489114095;154.100711765894;154.581095849607;155.186343201215;155.881643428266;156.395121217298;156.347285886497;156.160916733102;156.344751836451;156.800943755244;157.113903640813;157.826956308897;157.927242599942;160.137631558349;160.500113672162;161.032432872158;161.468581131221;161.633429381407;161.931618235167;161.938762562297;162.060691534571;162.495036330695;163.060941303038;163.135431973471;163.038404994868;164.022424097864;163.982281491818;164.078138759571;164.137615562473;164.306088783081;164.529475751622;164.42588245682;164.170070556864;164.099374906374;164.099441634733;163.886721820674;163.66869517827;164.048726495396;163.898196547116;163.856281183809;163.87239344785;164.275019319999;164.440284715084;164.218873534359;163.88808694884;163.970176803884;164.136725452376;163.927073017468;163.512108191686;163.347490455611;163.072598545074;163.299778080324;163.647114232545;164.167935594004;164.301416814634;163.896784519642;163.588364620017;163.126095035988;163.234735679131;163.233010137488;162.714433391928;162.321484008534;162.430140253171;162.424408008201;162.930724571681;162.8541049084;163.021574590727;162.421205630806;162.230140372637;162.344339655135;162.725514399909;162.863030666407;;
CPI,CPI - NBS structure (Core inflation, Net inflation, Regulated prices), NSA,Regulated prices,[SK, nsa, index Dec 2000=100], SO SR;;;;;;;;;;;;;;;;;;;;;;;;;;;;;;;;;;;;;;;;;;;;;;;;52.2555095357717;52.7274103562378;52.9001910686277;53.0117597599737;53.3914643630392;53.6909839923533;53.7771382319679;54.0257400002963;56.4620553216081;56.1566396195975;56.3017028096836;56.3758466130979;56.4185495730284;58.2052030383402;58.1483247969894;58.1825049162317;58.2325753495687;58.2918042996886;58.3494079248482;58.3962587337833;58.4289601102252;58.669437774294;59.8910064011293;59.9519296449294;59.9735778351662;65.8005589265453;66.8436226606336;67.0525970171103;67.3855202457215;67.4876283961698;67.7287398889743;81.7648042786474;81.9323160198667;82.3340417843346;82.7294959953727;82.7975074128283;82.8577387263175;87.9421491246129;98.1519416694293;98.8092257112222;99.1077875437319;99.1839650474176;99.3004037379444;99.442757798185;99.617880644765;99.8285537867161;99.9355546834469;99.9825173028847;100;106.386348829511;114.201665485151;114.94901994233;114.796002412879;114.846135777557;114.950423804898;117.438705168743;117.506445559677;117.83647376576;117.945132651657;118.023365337106;118.814352206159;121.083237419861;121.049569725306;121.094823263502;121.184712179256;121.551539464556;121.617896773346;121.64157306435;123.9531246446;124.342261529167;124.591649743044;124.554790767703;126.79497348476;145.602411684838;145.942073435665;147.771275127133;148.178628069315;148.366636354475;147.449545148514;147.615816601637;148.392110756925;149.769843961093;150.059465885241;150.155947106682;150.465732240723;163.581481202676;166.09688444054;166.68845297721;167.124233071066;167.602196217583;167.754076728438;168.145007702764;168.329245173084;169.376984855879;169.807737119201;169.886529486278;170.346976983428;177.947359925518;178.715848332055;179.103510050661;179.588828766994;179.659771654489;179.701433629333;179.124160341066;179.164111543703;180.447659011413;188.421358410194;188.822173976933;189.302941788221;198.411293589586;199.180885466894;199.230114684618;199.956490130098;200.022898888266;200.049685406186;201.34495804494;201.432819794327;200.331403375448;201.076968633409;203.45930825394;203.545413701588;203.567166587414;203.753174593737;203.864880295746;203.928276437804;203.029427214348;203.10205553413;203.229442716849;203.843384499376;204.50892613867;205.141320386295;205.293814703961;205.330201180384;209.459624294775;210.053578799938;210.763599067186;210.995187189367;211.413986594804;211.578165814656;211.492679587168;212.041985317213;215.339335999433;216.842808537485;218.812894574898;219.278228586173;220.397761754815;220.514346091793;220.950037919857;221.28622807408;221.375044077077;221.432081560211;222.368821278366;222.588539449909;222.93629578293;223.704675230337;223.936715345042;224.038665380851;220.190919475655;220.121307506186;220.36227605072;220.462414927506;220.540274187313;220.558156275339;220.601116001828;221.147668106126;221.718715837662;222.096297095337;222.173077219597;222.446036233815;233.031928838224;233.220184281328;233.355693399366;233.487089026656;233.741228771339;233.781375028735;234.507842962068;237.219282011926;239.169189989678;239.788533679099;243.500516546734;243.528926932951;252.350477965651;252.577531879796;250.10224247832;250.753276481575;250.531754764863;250.352076348172;250.48072724769;251.160366380063;251.830257342736;252.438113394684;252.441787248828;252.396459658387;254.214776743397;254.401920731785;254.466984874589;252.7875300808;252.773286923765;252.819767830373;252.83562808581;252.874464871874;253.446225637068;253.665699390793;253.703279157625;253.64970607013;250.864776066397;250.903903548303;250.952545423991;250.884185666583;250.923361321944;250.928745237568;251.028615725473;251.115606733159;252.308693809998;252.355649134859;251.327872035732;250.825014239336;247.55805741597;247.606433962554;247.621686562676;247.600998973489;247.615651755832;247.668378868963;247.686132902146;247.766111944901;246.250442304997;246.36597721567;246.381302462946;246.392004316391;244.774441595074;244.859585640256;244.934521138534;245.022396622343;245.049589544688;245.056203092873;243.099541801265;243.123120447266;243.255609338632;244.0182512838;244.057888849595;;
CPI,CPI - NBS structure (Core inflation, Net inflation, Regulated prices), NSA,Core inflation (without Influence of indirect taxes changes in non-regulated prices),[SK, nsa, index Dec 2000=100], SO SR;;;;;;;;;;;;;;;;;;;;;;;;;;;;;;;;;;;;;;;;;;;;;;;;80.0419878025464;80.9107465602448;81.2947064990268;81.7876378652981;82.2010089061118;82.1608687377244;82.4369017428143;82.4164488745748;82.5533938090229;82.8628873025643;83.6841373358008;84.3343542745224;84.8352377846588;85.8428461391794;86.6032625305127;86.8487184548454;87.2450753768547;87.8646551939397;87.9656082434516;87.5712062591306;87.3126780461566;87.6746548918875;88.4853188799282;88.9341166183405;89.2601893430921;90.5078850827271;91.1138693580163;91.3492714218471;91.815083851324;91.9969798017444;92.4759590081562;92.9285923795625;93.4400976906192;94.0818229357533;94.6273143786647;95.0544492290434;95.5591488241409;96.5898687184232;97.5215864466636;97.8016022373191;97.6727270267932;98.0156933855493;97.8970061760042;97.8897922646716;97.9248910715152;98.6617050829904;99.1611631055327;99.7061228326383;100;100.371468543274;101.123127209355;101.769964426468;102.451056734227;103.158763246799;103.51776853213;103.18157873194;102.939224625958;103.098054431007;103.020223437346;103.025969241943;103.119603988944;104.088012609097;104.54907451429;104.587275298815;105.130648617152;105.332162529605;104.81919010055;104.557446691762;104.485189323306;104.794592747323;104.789935731082;104.789116141188;105.108176944547;106.088349364309;106.917968630892;107.048384366957;107.16369956499;107.283332898888;108.079804964513;108.016780604994;107.277629671713;107.731429427256;107.845759200699;108.086785259156;108.246650326065;110.351178083069;110.934108085674;111.013440869402;110.932373302729;111.302372751901;111.607579567814;111.944197817109;111.695242961913;111.470016581125;111.440362540066;111.22786383982;110.859035685788;111.869645075354;112.192003239075;112.021733108394;112.281257754177;112.337097675621;112.800051337431;112.539447218839;112.431199814408;112.530534764713;112.61840732602;112.564318298815;112.691407169158;113.963232585554;114.712075736031;114.678271572485;114.940468469111;115.527152465182;115.635458632096;115.673939250693;115.604898544625;115.227451741678;115.332157006166;115.795956543932;115.80554775467;117.255340202554;117.560464570587;117.593964238035;117.885573417827;118.082047828872;118.50153245876;118.435471129216;118.429265168327;118.686657902371;119.531833795386;120.21378337287;120.706576938503;122.031159234903;122.620110500534;122.909864261359;123.259163270309;123.693049524176;124.241616681436;124.4702020807;124.741658544564;125.189193999682;125.39329566383;125.168646159643;124.688303686947;125.089316074146;125.047221252101;124.583136942545;124.318733687012;124.472483169539;124.8562774996;124.72462899624;124.489828955349;124.398842945389;124.366512825895;124.578780081084;124.447125907748;125.351055188015;125.572863259443;125.614208238679;126.181508797645;126.266857299799;126.246189410018;126.411098736861;126.105979693882;126.044462865423;126.044049487672;126.439200450303;126.814562225173;127.391564444938;127.860327888141;128.436489470663;129.080311060002;129.586520828006;129.529731471423;129.222451898685;129.0082421383;129.197796107275;129.436238079192;129.632293576089;129.734363370313;130.673079238203;130.972070775779;131.877211214336;132.23898610185;132.451487398338;132.800061610257;132.786870278873;132.807375368935;133.164162744118;133.620080421594;133.659922233568;133.563318026296;134.329123510276;134.262166191502;134.352083166368;134.642934825324;134.818543871177;135.042458467477;134.933506681825;134.664507469475;134.513487762236;134.483559521299;134.259151471914;134.041731642509;134.835547043232;134.673301485281;134.62272487305;134.649269778097;135.062659168098;135.233872596144;134.98917622643;134.632500480434;134.547277031556;134.713879812983;134.642710500969;134.282802214331;134.570754114408;134.279018872863;134.512365172363;134.875307135946;135.413117744696;135.544078868658;135.122157270075;134.791231834466;134.524815094098;134.621210774685;134.617270893962;134.078227901691;134.441094248455;134.541787951927;134.525310565852;135.03794279977;134.954675538349;135.127390336581;134.779935703693;134.57851117615;134.678296964699;134.966320405971;135.103335141002;;Name;1993;1994;1995;1996;1997;1998;1999;2000;2001;2002;2003;2004;2005;2006;2007;2008;2009;2010;2011;2012;2013;2014;2015;2016;
General Government Breakdown,Consolidation effort,Net lending / net borrowing,[SK, GG, n, annual, mil. Eur], CBR;;;-657.829779990705;-2133.88937429463;-1505.93531328421;-1396.05734129987;-2086.91998858129;-3824.40302536016;-2205.33811750647;-3024.19841094071;-1127.33150912833;-1065.32598917878;-1387.44005722632;-1745.49373239063;-1114.78479003519;-1396.9871580298;-5022.055;-5046.619;-3499.366;-3230.10270797777;-2175.00146;-2144.362;-2042.17899999999;-1253.07799999999;Name;1Q1993;2Q1993;3Q1993;4Q1993;1Q1994;2Q1994;3Q1994;4Q1994;1Q1995;2Q1995;3Q1995;4Q1995;1Q1996;2Q1996;3Q1996;4Q1996;1Q1997;2Q1997;3Q1997;4Q1997;1Q1998;2Q1998;3Q1998;4Q1998;1Q1999;2Q1999;3Q1999;4Q1999;1Q2000;2Q2000;3Q2000;4Q2000;1Q2001;2Q2001;3Q2001;4Q2001;1Q2002;2Q2002;3Q2002;4Q2002;1Q2003;2Q2003;3Q2003;4Q2003;1Q2004;2Q2004;3Q2004;4Q2004;1Q2005;2Q2005;3Q2005;4Q2005;1Q2006;2Q2006;3Q2006;4Q2006;1Q2007;2Q2007;3Q2007;4Q2007;1Q2008;2Q2008;3Q2008;4Q2008;1Q2009;2Q2009;3Q2009;4Q2009;1Q2010;2Q2010;3Q2010;4Q2010;1Q2011;2Q2011;3Q2011;4Q2011;1Q2012;2Q2012;3Q2012;4Q2012;1Q2013;2Q2013;3Q2013;4Q2013;1Q2014;2Q2014;3Q2014;4Q2014;1Q2015;2Q2015;3Q2015;4Q2015;1Q2016;2Q2016;3Q2016;4Q2016;
Unemployment, NAIRU,LFS unemployment rate, NSA, age,40-44 years,[SK, nsa, %], SO SR (LFS);;;;;8.7;8.5;8.9;8.9;9.8;9.7;7.7;8.1;7.5;7;6.2;6.9;7.8;8.7;8.7;8.8;10.4;11;10.2;9.5;10.9;11.4;11.4;12;14.4;13.8;13.7;12.9;14.9;14.5;13.8;14.1;15.1;14.4;14.3;14;15;14.2;13.4;13.8;15;15;15;14.3;15.1;13.4;12.7;12.5;12.5;11.4;10.4;9.7;10.2;10.8;10.6;9.2;9.1;8.6;7.2;6.7;9.1;10.4;10.9;12;13.8;12.6;11.5;11.4;11.8;10.5;10;10.5;10.2;9.8;9.9;11.6;10.6;10;9.8;9.2;8.9;9.3;9.5;9.9;10;10.3;10;9.1;7.2;6.3;;;
Unemployment, NAIRU,LFS unemployment rate, NSA, age,45-49 years,[SK, nsa, %], SO SR (LFS);;;;;8.2;8.7;8.5;8.7;7.6;6.6;7.3;7.1;7.4;7;6.2;6.6;7.7;7;7;7.1;7.4;7.2;7.3;7;8.9;10.5;10.5;10.7;13;13.5;13.1;14.1;15.8;14.9;14;13.9;14.5;13.6;12.8;12.9;13.6;13.6;13.1;14.2;17.9;16.3;14;14.3;15.1;13.9;13.2;13.5;13.4;12.4;10.7;10.2;10;9.5;9.3;8.9;9.7;8.5;7.4;7;8.1;8.9;9.7;10.7;11.7;11.6;10.5;9.9;10.6;10;9.2;10.3;10.5;9.5;10.5;10.9;11.4;10.7;10.8;11.4;10.9;10.4;9.4;10.1;10.9;9.7;8.7;7.7;7.8;6.9;;;Name;1Q1993;2Q1993;3Q1993;4Q1993;1Q1994;2Q1994;3Q1994;4Q1994;1Q1995;2Q1995;3Q1995;4Q1995;1Q1996;2Q1996;3Q1996;4Q1996;1Q1997;2Q1997;3Q1997;4Q1997;1Q1998;2Q1998;3Q1998;4Q1998;1Q1999;2Q1999;3Q1999;4Q1999;1Q2000;2Q2000;3Q2000;4Q2000;1Q2001;2Q2001;3Q2001;4Q2001;1Q2002;2Q2002;3Q2002;4Q2002;1Q2003;2Q2003;3Q2003;4Q2003;1Q2004;2Q2004;3Q2004;4Q2004;1Q2005;2Q2005;3Q2005;4Q2005;1Q2006;2Q2006;3Q2006;4Q2006;1Q2007;2Q2007;3Q2007;4Q2007;1Q2008;2Q2008;3Q2008;4Q2008;1Q2009;2Q2009;3Q2009;4Q2009;1Q2010;2Q2010;3Q2010;4Q2010;1Q2011;2Q2011;3Q2011;4Q2011;1Q2012;2Q2012;3Q2012;4Q2012;1Q2013;2Q2013;3Q2013;4Q2013;1Q2014;2Q2014;3Q2014;4Q2014;1Q2015;2Q2015;3Q2015;4Q2015;1Q2016;2Q2016;3Q2016;4Q2016;
Unemployment, NAIRU,LFS unemployment rate, NSA, age,45-49 years,[SK, nsa, %], SO SR (LFS);;;;;8.2;8.7;8.5;8.7;7.6;6.6;7.3;7.1;7.4;7;6.2;6.6;7.7;7;7;7.1;7.4;7.2;7.3;7;8.9;10.5;10.5;10.7;13;13.5;13.1;14.1;15.8;14.9;14;13.9;14.5;13.6;12.8;12.9;13.6;13.6;13.1;14.2;17.9;16.3;14;14.3;15.1;13.9;13.2;13.5;13.4;12.4;10.7;10.2;10;9.5;9.3;8.9;9.7;8.5;7.4;7;8.1;8.9;9.7;10.7;11.7;11.6;10.5;9.9;10.6;10;9.2;10.3;10.5;9.5;10.5;10.9;11.4;10.7;10.8;11.4;10.9;10.4;9.4;10.1;10.9;9.7;8.7;7.7;7.8;6.9;;;
Unemployment, NAIRU,LFS unemployment rate, NSA, age,50-54 years,[SK, nsa, %], SO SR (LFS);;;;;7.6;7.5;7.1;7.9;9.3;8.8;8.2;7.1;6.6;5.9;5.4;5.6;6.3;7.4;7.7;6.9;7.9;7.9;7.6;7.3;9;9.4;9.9;10.5;11.6;13.3;11.7;11.5;12.8;13;12.4;13.1;14.4;14.6;13.7;13.6;14.5;14.1;14;15.3;18;16.7;15.6;15.4;15.3;13.1;12.5;12.9;13.1;11.8;11.8;11.1;10.6;10.4;10;9.7;10.1;9.2;7.8;7.6;8.9;9.9;11.2;12.3;13.7;12.4;11.3;11.2;11.5;10.9;10.1;11.8;11.1;10.8;10.8;10.9;11.8;12.2;12.3;12;12.5;11.8;11.6;11.1;12.4;9.8;9.5;10.2;9.4;8.9;;;
Unemployment, NAIRU,LFS unemployment rate, NSA, age,55-59 years,[SK, nsa, %], SO SR (LFS);;;;;7.1;8.7;7.6;8.6;9.8;6.3;6.2;6.6;6.2;5.9;6.3;5.4;6.4;6.6;5.6;6.4;7.3;6.3;7.9;7.8;8.3;10.9;10.3;9.9;13.2;13.8;12.7;12.3;11.8;11.9;12.6;13.5;15.9;16.5;16.2;15.4;16;12.8;12.9;14;16.2;17.1;15.9;15.1;15.6;13.7;12.8;12.3;11.3;10.9;9.3;9.3;9.4;8.8;8.3;7.8;8.5;7.8;6.1;6.2;7.6;7.2;8;10.6;11.2;11.4;10.9;12.3;11.4;11.1;10;11.5;12.5;12.1;12.8;13.1;12.2;13.3;12.2;12.8;14.4;12.1;10.4;10.6;11.3;9.6;9.1;10;10.8;11.1;;;Name;1Q1993;2Q1993;3Q1993;4Q1993;1Q1994;2Q1994;3Q1994;4Q1994;1Q1995;2Q1995;3Q1995;4Q1995;1Q1996;2Q1996;3Q1996;4Q1996;1Q1997;2Q1997;3Q1997;4Q1997;1Q1998;2Q1998;3Q1998;4Q1998;1Q1999;2Q1999;3Q1999;4Q1999;1Q2000;2Q2000;3Q2000;4Q2000;1Q2001;2Q2001;3Q2001;4Q2001;1Q2002;2Q2002;3Q2002;4Q2002;1Q2003;2Q2003;3Q2003;4Q2003;1Q2004;2Q2004;3Q2004;4Q2004;1Q2005;2Q2005;3Q2005;4Q2005;1Q2006;2Q2006;3Q2006;4Q2006;1Q2007;2Q2007;3Q2007;4Q2007;1Q2008;2Q2008;3Q2008;4Q2008;1Q2009;2Q2009;3Q2009;4Q2009;1Q2010;2Q2010;3Q2010;4Q2010;1Q2011;2Q2011;3Q2011;4Q2011;1Q2012;2Q2012;3Q2012;4Q2012;1Q2013;2Q2013;3Q2013;4Q2013;1Q2014;2Q2014;3Q2014;4Q2014;1Q2015;2Q2015;3Q2015;4Q2015;1Q2016;2Q2016;3Q2016;4Q2016;
Unemployment, NAIRU,LFS unemployment rate, NSA, age,55-59 years,[SK, nsa, %], SO SR (LFS);;;;;7.1;8.7;7.6;8.6;9.8;6.3;6.2;6.6;6.2;5.9;6.3;5.4;6.4;6.6;5.6;6.4;7.3;6.3;7.9;7.8;8.3;10.9;10.3;9.9;13.2;13.8;12.7;12.3;11.8;11.9;12.6;13.5;15.9;16.5;16.2;15.4;16;12.8;12.9;14;16.2;17.1;15.9;15.1;15.6;13.7;12.8;12.3;11.3;10.9;9.3;9.3;9.4;8.8;8.3;7.8;8.5;7.8;6.1;6.2;7.6;7.2;8;10.6;11.2;11.4;10.9;12.3;11.4;11.1;10;11.5;12.5;12.1;12.8;13.1;12.2;13.3;12.2;12.8;14.4;12.1;10.4;10.6;11.3;9.6;9.1;10;10.8;11.1;;;
Unemployment, NAIRU,LFS unemployment rate, NSA, age,60-64 years,[SK, nsa, %], SO SR (LFS);;;;;19.9;15.3;11.1;9.6;8.7;10.1;6.5;9.8;7.8;8.6;11.6;10.4;10.1;10.5;8.8;9;10.4;6.3;6.9;5.7;6.5;6.5;5.8;6.5;6.9;4.5;6.1;9.2;9.8;11.4;13.8;9.3;11.5;13.5;8.7;6.9;10.5;11;12.5;9.6;12.1;10.7;11.9;13.2;12.2;11.3;12.2;11.6;10.2;6.6;6;6.4;7;6.3;6.8;4.4;3.6;4;3.9;2.8;3.3;4.3;5.2;5.7;4.3;3.3;2.4;4.4;5.1;4.8;6.7;6.7;5.4;5.9;5.4;4.6;3.8;4.7;5.2;5.3;6;6.2;4.1;7.6;7.4;5;6.3;9.3;5.5;9.2;;;Name;1Q1993;2Q1993;3Q1993;4Q1993;1Q1994;2Q1994;3Q1994;4Q1994;1Q1995;2Q1995;3Q1995;4Q1995;1Q1996;2Q1996;3Q1996;4Q1996;1Q1997;2Q1997;3Q1997;4Q1997;1Q1998;2Q1998;3Q1998;4Q1998;1Q1999;2Q1999;3Q1999;4Q1999;1Q2000;2Q2000;3Q2000;4Q2000;1Q2001;2Q2001;3Q2001;4Q2001;1Q2002;2Q2002;3Q2002;4Q2002;1Q2003;2Q2003;3Q2003;4Q2003;1Q2004;2Q2004;3Q2004;4Q2004;1Q2005;2Q2005;3Q2005;4Q2005;1Q2006;2Q2006;3Q2006;4Q2006;1Q2007;2Q2007;3Q2007;4Q2007;1Q2008;2Q2008;3Q2008;4Q2008;1Q2009;2Q2009;3Q2009;4Q2009;1Q2010;2Q2010;3Q2010;4Q2010;1Q2011;2Q2011;3Q2011;4Q2011;1Q2012;2Q2012;3Q2012;4Q2012;1Q2013;2Q2013;3Q2013;4Q2013;1Q2014;2Q2014;3Q2014;4Q2014;1Q2015;2Q2015;3Q2015;4Q2015;1Q2016;2Q2016;3Q2016;4Q2016;
Unemployment, NAIRU,LFS unemployment rate, NSA, age,50-54 years,[SK, nsa, %], SO SR (LFS);;;;;7.6;7.5;7.1;7.9;9.3;8.8;8.2;7.1;6.6;5.9;5.4;5.6;6.3;7.4;7.7;6.9;7.9;7.9;7.6;7.3;9;9.4;9.9;10.5;11.6;13.3;11.7;11.5;12.8;13;12.4;13.1;14.4;14.6;13.7;13.6;14.5;14.1;14;15.3;18;16.7;15.6;15.4;15.3;13.1;12.5;12.9;13.1;11.8;11.8;11.1;10.6;10.4;10;9.7;10.1;9.2;7.8;7.6;8.9;9.9;11.2;12.3;13.7;12.4;11.3;11.2;11.5;10.9;10.1;11.8;11.1;10.8;10.8;10.9;11.8;12.2;12.3;12;12.5;11.8;11.6;11.1;12.4;9.8;9.5;10.2;9.4;8.9;;;Name;1Q1993;2Q1993;3Q1993;4Q1993;1Q1994;2Q1994;3Q1994;4Q1994;1Q1995;2Q1995;3Q1995;4Q1995;1Q1996;2Q1996;3Q1996;4Q1996;1Q1997;2Q1997;3Q1997;4Q1997;1Q1998;2Q1998;3Q1998;4Q1998;1Q1999;2Q1999;3Q1999;4Q1999;1Q2000;2Q2000;3Q2000;4Q2000;1Q2001;2Q2001;3Q2001;4Q2001;1Q2002;2Q2002;3Q2002;4Q2002;1Q2003;2Q2003;3Q2003;4Q2003;1Q2004;2Q2004;3Q2004;4Q2004;1Q2005;2Q2005;3Q2005;4Q2005;1Q2006;2Q2006;3Q2006;4Q2006;1Q2007;2Q2007;3Q2007;4Q2007;1Q2008;2Q2008;3Q2008;4Q2008;1Q2009;2Q2009;3Q2009;4Q2009;1Q2010;2Q2010;3Q2010;4Q2010;1Q2011;2Q2011;3Q2011;4Q2011;1Q2012;2Q2012;3Q2012;4Q2012;1Q2013;2Q2013;3Q2013;4Q2013;1Q2014;2Q2014;3Q2014;4Q2014;1Q2015;2Q2015;3Q2015;4Q2015;1Q2016;2Q2016;3Q2016;4Q2016;
Unemployment, NAIRU,LFS unemployed heads and rate, SA,Unemployment rate,[SK, sa, %], SO SR (LFS);;;;;;;;;13.7690663650806;13.4007889878048;12.6606099818388;12.5857884757497;11.7146923842415;11.3176168778648;11.1016824785737;11.1796146328568;11.4879349622252;11.6193460127313;12.171503841842;12.2512098930789;12.1745671476033;12.2860539906511;12.9325197202917;13.0249938338809;14.8637066729962;15.971685340717;16.9295006029967;17.6377322407894;18.5130414827068;19.0338814998514;18.8430592023609;18.6383224164013;19.3049049268659;19.3813954510717;19.327248820893;19.1964305424506;18.8553136663452;18.7471173810901;18.5616074579167;18.3475672051099;17.7974382750522;17.1495330439423;17.3240748913296;17.7334419509994;18.7099734193522;18.5871263606536;17.7982196278542;17.4392138211488;16.9536377973312;16.3119989629245;15.8783002960131;15.5362395188186;14.4697627334048;13.5608439309765;12.9685334540029;12.2384043403861;11.1517222485415;11.1395499679009;11.2752801921777;10.5044853451686;10.1252027260991;10.1537809016227;9.11170951875309;8.88255746465321;10.1568483293131;11.3643154396991;12.7091938170724;13.9598130690043;14.7328993013813;14.5337997574202;14.3222359732591;13.9034882293053;13.5945247468615;13.4401110639764;13.4308558187916;13.9562854658605;13.7376972892461;13.8700049367931;13.8885585502971;14.295153132821;14.2325347295826;14.3009865796837;14.2330353128185;14.0967654999199;13.8367805250825;13.4398743221956;12.9846622596294;12.46136581101;12.1735175651771;11.5310570293842;11.3686873841567;10.8347069353637;10.1472122839655;9.92310238764751;9.54429603156149;;Name;1Q1993;2Q1993;3Q1993;4Q1993;1Q1994;2Q1994;3Q1994;4Q1994;1Q1995;2Q1995;3Q1995;4Q1995;1Q1996;2Q1996;3Q1996;4Q1996;1Q1997;2Q1997;3Q1997;4Q1997;1Q1998;2Q1998;3Q1998;4Q1998;1Q1999;2Q1999;3Q1999;4Q1999;1Q2000;2Q2000;3Q2000;4Q2000;1Q2001;2Q2001;3Q2001;4Q2001;1Q2002;2Q2002;3Q2002;4Q2002;1Q2003;2Q2003;3Q2003;4Q2003;1Q2004;2Q2004;3Q2004;4Q2004;1Q2005;2Q2005;3Q2005;4Q2005;1Q2006;2Q2006;3Q2006;4Q2006;1Q2007;2Q2007;3Q2007;4Q2007;1Q2008;2Q2008;3Q2008;4Q2008;1Q2009;2Q2009;3Q2009;4Q2009;1Q2010;2Q2010;3Q2010;4Q2010;1Q2011;2Q2011;3Q2011;4Q2011;1Q2012;2Q2012;3Q2012;4Q2012;1Q2013;2Q2013;3Q2013;4Q2013;1Q2014;2Q2014;3Q2014;4Q2014;1Q2015;2Q2015;3Q2015;4Q2015;1Q2016;2Q2016;3Q2016;4Q2016;
Unemployment, NAIRU,LFS unemployment rate, NSA, age,60-64 years,[SK, nsa, %], SO SR (LFS);;;;;19.9;15.3;11.1;9.6;8.7;10.1;6.5;9.8;7.8;8.6;11.6;10.4;10.1;10.5;8.8;9;10.4;6.3;6.9;5.7;6.5;6.5;5.8;6.5;6.9;4.5;6.1;9.2;9.8;11.4;13.8;9.3;11.5;13.5;8.7;6.9;10.5;11;12.5;9.6;12.1;10.7;11.9;13.2;12.2;11.3;12.2;11.6;10.2;6.6;6;6.4;7;6.3;6.8;4.4;3.6;4;3.9;2.8;3.3;4.3;5.2;5.7;4.3;3.3;2.4;4.4;5.1;4.8;6.7;6.7;5.4;5.9;5.4;4.6;3.8;4.7;5.2;5.3;6;6.2;4.1;7.6;7.4;5;6.3;9.3;5.5;9.2;;;
Unemployment, NAIRU,LFS unemployment rate, NSA, age,65 years and over,[SK, nsa, %], SO SR (LFS);;;;;11.1;9.9;12.7;3.7;6.6;5.8;6.5;7.5;10;9.3;16.5;11.4;4.5;5.5;7.2;3.4;11.2;11.9;8.6;11.6;9.8;8.4;14;17.5;16.9;16.5;16.5;11.2;7.2;8.8;9.8;14.8;16.6;12.7;12.1;10.9;8.7;4.9;4.3;3.6;5.1;8.8;8.5;8.2;9.7;10.5;8.7;7.8;3.8;;1.9;;3.3;1.9;;5;2.6;2.4;0.8;0.9;1;;2.9;1.2;2.9;2.7;5.1;5.4;3.4;2.1;2.2;2.1;2;2.9;4.6;5.8;4.6;3.7;3.8;5.2;7.9;6;5.4;6.5;2.8;2;3.6;2.5;3.3;4.2;;;
