﻿"CountryCode","SeriesCode","DESCRIPTION",
"AFG","BX.KLT.DINV.CD.DT","Data on Foreign Direct Investment are based on Balance of Payments reported by the International Monetary Fund. Unless otherwise specified in the specific years.",
"AFG","DT.DOD.DECT.CD","Long-term public and publicly guaranteed debt data for 2015 are based on reports provided by the country. Long-term private nonguaranteed debt data are not available. Short-term debt for 2015 is based on data from the BIS. Data include the effects of Paris Club debt restructuring agreements signed in 2010 and HIPC and MDRI debt relief.",
"AGO","BX.KLT.DINV.CD.DT","Data on Foreign Direct Investment are based on Balance of Payments reported by the International Monetary Fund. Unless otherwise specified in the specific years.",
"AGO","DT.DOD.DECT.CD","Long-term public and publicly guaranteed debt data for 2015 are based on reports provided by the country. Long-term private nonguaranteed debt data are not available. Short-term debt data for 2015 are based on reports provided by the country.",
"ALB","BX.KLT.DINV.CD.DT","Data on Foreign Direct Investment are based on Balance of Payments reported by the International Monetary Fund. Unless otherwise specified in the specific years.",
"ALB","DT.DOD.DECT.CD","Long-term public and publicly guaranteed debt data for 2015 are based on reports provided by the country. Long-term private nonguaranteed and short-term debt data for 2015 are sourced by the Quarterly External Debt Statistics database (http://datatopics.worldbank.org/debt/qeds).",
"ARG","BX.KLT.DINV.CD.DT","Data on Foreign Direct Investment are based on Balance of Payments reported by the International Monetary Fund. Unless otherwise specified in the specific years.",
"ARG","DT.DOD.DECT.CD","Long-term public and publicly guaranteed and long-term private nonguaranteed debt data for 2015 are based on reports provided by the country. Short-term debt data for 2015 are sourced by the Quarterly External Debt Statistics database (http://datatopics.worldbank.org/debt/qeds).",
"ARG","DT.DOD.DPNG.CD","Provincial debt for long-term private nonguaranteed debt data are World Bank staff estimates.",
"ARM","BX.KLT.DINV.CD.DT","Data on Foreign Direct Investment are based on Balance of Payments reported by the International Monetary Fund. Unless otherwise specified in the specific years.",
"ARM","DT.DOD.DECT.CD","Long-term public and publicly guaranteed debt data for 2015 are based on reports provided by the country. Long-term private nonguaranteed debt data from 2011 are World Bank staff estimates. Short-term debt data for 2015 are sourced by the Quarterly External Debt Statistics database (http://datatopics.worldbank.org/debt/qeds).",
"AZE","BX.KLT.DINV.CD.DT","Data on Foreign Direct Investment are based on Balance of Payments reported by the International Monetary Fund. Unless otherwise specified in the specific years.",
"AZE","DT.DOD.DECT.CD","Long-term public and publicly guaranteed debt data for 2015 are based on reports provided by the country. Long-term private nonguaranteed debt data are World Bank staff estimates based on the market data. Short-term debt for 2015 is based on data from the BIS.",
"BDI","BX.KLT.DINV.CD.DT","Data on Foreign Direct Investment are based on Balance of Payments reported by the International Monetary Fund. Unless otherwise specified in the specific years.",
"BDI","DT.DOD.DECT.CD","Long-term public and publicly guaranteed debt data for 2015 are based on reports provided by the country. Long-term private nonguaranteed debt data are not available. Short-term debt data for 2015 are based on reports provided by the country. Data include the effects of Paris Club debt restructuring agreement and HIPC and MDRI debt relief.",
"BEN","BX.KLT.DINV.CD.DT","Data on Foreign Direct Investment are based on Balance of Payments reported by the International Monetary Fund. Unless otherwise specified in the specific years.",
"BEN","DT.DOD.DECT.CD","Long-term public and publicly guaranteed debt data for 2015 are based on reports provided by the country. Long-term private nonguaranteed debt data are not available. Short-term debt for 2015 is based on data from the BIS. Data include the effects of Paris Club debt restructuring agreement and HIPC and MDRI debt relief.",
"BFA","BX.KLT.DINV.CD.DT","Data on Foreign Direct Investment are based on Balance of Payments reported by the International Monetary Fund. Unless otherwise specified in the specific years.",
"BFA","DT.DOD.DECT.CD","Long-term public and publicly guaranteed debt data for 2015 are based on reports provided by the country. Long-term private nonguaranteed and short-term debt data for 2015 are sourced by the Quarterly External Debt Statistics database (http://datatopics.worldbank.org/debt/qeds). Data include HIPC and MDRI debt relief.",
"BGD","BX.KLT.DINV.CD.DT","Data on Foreign Direct Investment are based on Balance of Payments reported by the International Monetary Fund. Unless otherwise specified in the specific years.",
"BGD","DT.DOD.DECT.CD","Long-term public and publicly guaranteed and long-term private nonguaranteed debt data for 2015 are based on reports provided by the country. Short-term debt data for 2015 are sourced by the Quarterly External Debt Statistics database (http://datatopics.worldbank.org/debt/qeds).",
"BGR","BX.KLT.DINV.CD.DT","Data on Foreign Direct Investment are based on Balance of Payments reported by the International Monetary Fund. Unless otherwise specified in the specific years.",
"BGR","DT.DOD.DECT.CD","Long-term public and publicly guaranteed debt data for 2015 are based on reports provided by the country. Long-term private nonguaranteed debt data from 2008 are World Bank staff estimates based on reports provided by the country. The data may include long-term public and publicly guaranteed debt owed by the state-owned railway. Short-term debt data for 2015 are sourced by the Quarterly External Debt Statistics database (http://datatopics.worldbank.org/debt/qeds).",
"BIH","BX.KLT.DINV.CD.DT","Data on Foreign Direct Investment are based on Balance of Payments reported by the International Monetary Fund. Unless otherwise specified in the specific years.",
"BIH","DT.DOD.DECT.CD","Long-term public and publicly guaranteed debt data for 2015 are based on reports provided by the country. Long-term private nonguaranteed debt data from 2005 are World Bank staff estimates. Short-term debt for 2015 is based on data from the BIS.",
"BIH","DT.DOD.DPPG.CD","Prior to 1999 data on long-term public and publicly guaranteed debt include only IBRD and IMF loans.",
"BLR","BX.KLT.DINV.CD.DT","Data on Foreign Direct Investment are based on Balance of Payments reported by the International Monetary Fund. Unless otherwise specified in the specific years.",
"BLR","DT.DOD.DECT.CD","Long-term public and publicly guaranteed debt data for 2015 are based on reports provided by the country. Long-term private nonguaranteed and short-term debt data for 2015 are sourced by the Quarterly External Debt Statistics database (http://datatopics.worldbank.org/debt/qeds).",
"BLZ","BX.KLT.DINV.CD.DT","Data on Foreign Direct Investment are based on Balance of Payments reported by the International Monetary Fund. Unless otherwise specified in the specific years.",
"BLZ","DT.DOD.DECT.CD","Long-term public and publicly guaranteed and long-term private nonguaranteed debt data for 2015 are based on reports provided by the country. Short-term debt data are not available.",
"BOL","BX.KLT.DINV.CD.DT","Data on Foreign Direct Investment are based on Balance of Payments reported by the International Monetary Fund. Unless otherwise specified in the specific years.",
"BOL","DT.DOD.DECT.CD","Long-term public and publicly guaranteed debt data for 2015 are based on reports provided by the country. Long-term private nonguaranteed and short-term debt data for 2015 are sourced by the Quarterly External Debt Statistics database (http://datatopics.worldbank.org/debt/qeds). Data include the effects of HIPC and MDRI debt relief.",
"BRA","BX.KLT.DINV.CD.DT","Data on Foreign Direct Investment are based on Balance of Payments reported by the International Monetary Fund. Unless otherwise specified in the specific years.",
"BRA","DT.DOD.DECT.CD","Long-term public and publicly guaranteed and long-term private nonguaranteed debt data for 2015 are based on reports provided by the country. Short-term debt data for 2015 are based on reports provided by the country.",
"BTN","BX.KLT.DINV.CD.DT","Data on Foreign Direct Investment are based on Balance of Payments reported by the International Monetary Fund. Unless otherwise specified in the specific years.",
"BTN","DT.DOD.DECT.CD","Long-term public and publicly guaranteed and long-term private nonguaranteed debt data for 2015 are based on reports provided by the country. Short-term debt for 2015 is based on data from the BIS.",
"BWA","BX.KLT.DINV.CD.DT","Data on Foreign Direct Investment are based on Balance of Payments reported by the International Monetary Fund. Unless otherwise specified in the specific years.",
"BWA","DT.DOD.DECT.CD","Long-term public and publicly guaranteed debt data for 2015 are based on reports provided by the country. Long-term private nonguaranteed debt data are not available. Short-term debt for 2015 is based on data from the BIS.",
"CAF","BX.KLT.DINV.CD.DT","Data on Foreign Direct Investment are based on Balance of Payments reported by the International Monetary Fund. Unless otherwise specified in the specific years.",
"CAF","DT.DOD.DECT.CD","Long-term public and publicly guaranteed debt data for 2015 are based on reports provided by the country. Long-term private nonguaranteed debt data are not available. Short-term debt for 2015 is based on data from the BIS. Data include the effects of HIPC and MDRI debt relief.",
"CHN","BX.KLT.DINV.CD.DT","Data on Foreign Direct Investment are based on Balance of Payments reported by the International Monetary Fund. Unless otherwise specified in the specific years.",
"CHN","DT.DOD.DECT.CD","Long-term public and publicly guaranteed, long-term private nonguaranteed debt data, and short-term debt data for 2015 are World Bank staff estimates based on country aggregate reports.",
"CIV","BX.KLT.DINV.CD.DT","Data on Foreign Direct Investment are based on Balance of Payments reported by the International Monetary Fund. Unless otherwise specified in the specific years.",
"CIV","DT.DOD.DECT.CD","Long-term public and publicly guaranteed debt data for 2015 are based on reports provided by the country. Long-term private nonguaranteed debt data for 2015 are World Bank staff estimates. Short-term debt for 2015 is based on data from the BIS. Data include the effects of Paris Club agreement signed in 2011 and 2015 and HIPC and MDRI debt relief.",
"CMR","BX.KLT.DINV.CD.DT","Data on Foreign Direct Investment are based on Balance of Payments reported by the International Monetary Fund. Unless otherwise specified in the specific years.",
"CMR","DT.DOD.DECT.CD","Long-term public and publicly guaranteed and long-term private nonguaranteed debt data for 2015 are based on reports provided by the country. Short-term debt for 2015 is based on data from the BIS. Data include the effects of HIPC and MDRI debt relief.",
"COG","BX.KLT.DINV.CD.DT","Data on Foreign Direct Investment are based on Balance of Payments reported by the International Monetary Fund. Unless otherwise specified in the specific years.",
"COG","DT.DOD.DECT.CD","Long-term public and publicly guaranteed debt data for 2015 are based on reports provided by the country. Long-term private nonguaranteed debt data are not available. Short-term debt for 2015 is based on data from the BIS. Data include the effects of Paris Club debt restructuring agreement and HIPC and MDRI debt relief.",
"COL","BX.KLT.DINV.CD.DT","Data on Foreign Direct Investment are based on Balance of Payments reported by the International Monetary Fund. Unless otherwise specified in the specific years.",
"COL","DT.DOD.DECT.CD","Long-term public and publicly guaranteed and long-term private nonguaranteed debt data for 2015 are based on reports provided by the country. Short-term debt data for 2015 are sourced by the Quarterly External Debt Statistics database (http://datatopics.worldbank.org/debt/qeds).",
"COM","BX.KLT.DINV.CD.DT","Data on Foreign Direct Investment are based on Balance of Payments reported by the International Monetary Fund. Unless otherwise specified in the specific years.",
"COM","DT.DOD.DECT.CD","Long-term public and publicly guaranteed debt data for 2015 are based on reports provided by the country. Long-term private nonguaranteed debt data are not available. Short-term debt for 2015 is based on data from the BIS. Data include the effects of Paris Club debt restructuring agreements signed in 2010 and the HIPC debt relief.",
"CPV","BX.KLT.DINV.CD.DT","Data on Foreign Direct Investment are based on Balance of Payments reported by the International Monetary Fund. Unless otherwise specified in the specific years.",
"CPV","DT.DOD.DECT.CD","Long-term public and publicly guaranteed debt data for 2015 are based on reports provided by the country. Long-term private nonguaranteed and short-term debt data are not available.",
"CRI","BX.KLT.DINV.CD.DT","Data on Foreign Direct Investment are based on Balance of Payments reported by the International Monetary Fund. Unless otherwise specified in the specific years.",
"CRI","DT.DOD.DECT.CD","Long-term public and publicly guaranteed and long-term private nonguaranteed debt data for 2015 are based on reports provided by the country. Short-term debt for 2015 is sourced by the Quarterly External Debt Statistics database (http://datatopics.worldbank.org/debt/qeds).",
"DJI","BX.KLT.DINV.CD.DT","Data on Foreign Direct Investment are based on Balance of Payments reported by the International Monetary Fund. Unless otherwise specified in the specific years.",
"DJI","DT.DOD.DECT.CD","Long-term public and publicly guaranteed debt data for 2015 are based on reports provided by the country. Long-term private nonguaranteed debt data are not available. Short-term debt for 2015 is based on data from the BIS. Data include the effects of Paris Club debt restructuring agreement signed in 2008.",
"DMA","BX.KLT.DINV.CD.DT","Data on Foreign Direct Investment are based on Balance of Payments reported by the International Monetary Fund. Unless otherwise specified in the specific years.",
"DMA","DT.DOD.DECT.CD","Long-term public and publicly guaranteed debt data for 2015 are based on reports provided by the country. Long-term private nonguaranteed debt data are not available. Short-term debt data for 2015 are sourced by the Quarterly External Debt Statistics database (http://datatopics.worldbank.org/debt/qeds).",
"DOM","BX.KLT.DINV.CD.DT","Data on Foreign Direct Investment are based on Balance of Payments reported by the International Monetary Fund. Unless otherwise specified in the specific years.",
"DOM","DT.DOD.DECT.CD","Long-term public and publicly guaranteed and long-term private nonguaranteed debt data for 2015 are based on reports provided by the country. Short-term debt for 2015 is based on data from the BIS. Data include the effects of Paris Club debt restructuring agreement signed in 2005.",
"DZA","BX.KLT.DINV.CD.DT","Data on Foreign Direct Investment are based on Balance of Payments reported by the International Monetary Fund. Unless otherwise specified in the specific years.",
"DZA","DT.DOD.DECT.CD","Long-term public and publicly guaranteed and long-term private nonguaranteed debt data for 2015 are based on reports provided by the country. Short-term debt data for 2015 are sourced by the Quarterly External Debt Statistics database (http://datatopics.worldbank.org/debt/qeds).",
"EAP","BX.KLT.DINV.CD.DT","Data on Foreign Direct Investment are based on Balance of Payments reported by the International Monetary Fund. Unless otherwise specified in the specific years.",
"ECA","BX.KLT.DINV.CD.DT","Data on Foreign Direct Investment are based on Balance of Payments reported by the International Monetary Fund. Unless otherwise specified in the specific years.",
"ECU","BX.KLT.DINV.CD.DT","Data on Foreign Direct Investment are based on Balance of Payments reported by the International Monetary Fund. Unless otherwise specified in the specific years.",
"ECU","DT.DOD.DECT.CD","Long-term public and publicly guaranteed and long-term private nonguaranteeddebt data for 2015 are based on reports provided by the country. Short-term debt data for 2015 are sourced by the Quarterly External Debt Statistics database (http://datatopics.worldbank.org/debt/qeds).",
"EGY","BX.KLT.DINV.CD.DT","Data on Foreign Direct Investment are based on Balance of Payments reported by the International Monetary Fund. Unless otherwise specified in the specific years.",
"EGY","DT.DOD.DECT.CD","Long-term public and publicly guaranteed and long-term private nonguaranteed debt data for 2015 are based on reports provided by the country. Short-term debt data for 2015 are sourced by the Quarterly External Debt Statistics database (http://datatopics.worldbank.org/debt/qeds).",
"ERI","BX.KLT.DINV.CD.DT","Data on Foreign Direct Investment are based on Balance of Payments reported by the International Monetary Fund. Unless otherwise specified in the specific years.",
"ERI","DT.DOD.DECT.CD","Long-term public and publicly guaranteed debt data from 2010 are World Bank staff estimates. Long-term private nonguaranteed debt data are not available. Short-term debt for 2015 is based on data from the BIS.",
"ETH","BX.KLT.DINV.CD.DT","Data on Foreign Direct Investment are based on Balance of Payments reported by the International Monetary Fund. Unless otherwise specified in the specific years.",
"ETH","DT.DOD.DECT.CD","Long-term public and publicly guaranteed debt data for 2015 are based on reports provided by the country. Long-term private nonguaranteed debt data are not available. Short-term debt for 2015 is based on data from the BIS. Data include the effects of HIPC and MDRI debt relief.",
"FJI","BX.KLT.DINV.CD.DT","Data on Foreign Direct Investment are based on Balance of Payments reported by the International Monetary Fund. Unless otherwise specified in the specific years.",
"FJI","DT.DOD.DECT.CD","Long-term public and publicly guaranteed and long-term private nonguaranteed debt data for 2015 are based on reports provided by the country. Short-term debt for 2015 is based on data from the BIS.",
"GAB","BX.KLT.DINV.CD.DT","Data on Foreign Direct Investment are based on Balance of Payments reported by the International Monetary Fund. Unless otherwise specified in the specific years.",
"GAB","DT.DOD.DECT.CD","Long-term public and publicly guaranteed debt data for 2015 are based on reports provided by the country. Long-term private nonguaranteed debt data are not available. Short-term debt for 2015 is based on data from the BIS. Data include the effects of Paris Club debt buyback agreement signed in 2007.",
"GEO","BX.KLT.DINV.CD.DT","Data on Foreign Direct Investment are based on Balance of Payments reported by the International Monetary Fund. Unless otherwise specified in the specific years.",
"GEO","DT.DOD.DECT.CD","Long-term public and publicly guaranteed and long-term private nonguaranteed debt data for 2015 are based on reports provided by the country. Short-term debt data for 2015 are sourced by the Quarterly External Debt Statistics database (http://datatopics.worldbank.org/debt/qeds).",
"GHA","BX.KLT.DINV.CD.DT","Data on Foreign Direct Investment are based on Balance of Payments reported by the International Monetary Fund. Unless otherwise specified in the specific years.",
"GHA","DT.DOD.DECT.CD","Long-term public and publicly guaranteed debt data for 2015 are based on reports provided by the country. Long-term private nonguaranteed debt data only cover bonds. Short-term debt for 20151 is based on data from the BIS. Data include the effects of MDRI debt relief.",
"GIN","BX.KLT.DINV.CD.DT","Data on Foreign Direct Investment are based on Balance of Payments reported by the International Monetary Fund. Unless otherwise specified in the specific years.",
"GIN","DT.DOD.DECT.CD","Long-term public and publicly guaranteed debt data for 2015 are based on reports provided by the country. Long-term private nonguaranteed debt data are not available. Short-term debt for 2015 is based on data from the BIS. Data include the effects of Paris Club debt restructuring agreement signed in 2010 and 2012 and HIPC and MDRI debt relief.",
"GMB","BX.KLT.DINV.CD.DT","Data on Foreign Direct Investment are based on Balance of Payments reported by the International Monetary Fund. Unless otherwise specified in the specific years.",
"GMB","DT.DOD.DECT.CD","Long-term public and publicly guaranteed debt data for 2015 are based on reports provided by the country. Long-term private nonguaranteed debt data are not available. Short-term debt for 2015 is based on data from the BIS. Data include the effects of HIPC and MDRI debt relief.",
"GNB","BX.KLT.DINV.CD.DT","Data on Foreign Direct Investment are based on Balance of Payments reported by the International Monetary Fund. Unless otherwise specified in the specific years.",
"GNB","DT.DOD.DECT.CD","Long-term public and publicly guaranteed debt data for 2015 are based on reports provided by the country. Long-term private nonguaranteed debt data are not available. Short-term debt for 2015 is based on data from the BIS. Data include the effects of Paris Club debt restructuring agreement and HIPC and MDRI debt relief.",
"GRD","BX.KLT.DINV.CD.DT","Data on Foreign Direct Investment are based on Balance of Payments reported by the International Monetary Fund. Unless otherwise specified in the specific years.",
"GRD","DT.DOD.DECT.CD","Long-term public and publicly guaranteed debt data for 2015 are based on reports provided by the country. Long-term private nonguaranteed debt data are not available. Short-term debt for 2015 is based on data from the BIS.",
"GTM","BX.KLT.DINV.CD.DT","Data on Foreign Direct Investment are based on Balance of Payments reported by the International Monetary Fund. Unless otherwise specified in the specific years.",
"GTM","DT.DOD.DECT.CD","Long-term public and publicly guaranteed debt data for 2015 are based on reports provided by the country. Long-term private nonguaranteed and short-term debt data for 2015 are sourced by the Quarterly External Debt Statistics database (http://datatopics.worldbank.org/debt/qeds).",
"GUY","BX.KLT.DINV.CD.DT","Data on Foreign Direct Investment are based on Balance of Payments reported by the International Monetary Fund. Unless otherwise specified in the specific years.",
"GUY","DT.DOD.DECT.CD","Long-term public and publicly guaranteed debt data for 2015 are based on reports provided by the country.  Long-term private nonguaranteed debt data for 2015 are World Bank staff estimates based on the market data. Short-term debt for 2015 is based on data from the BIS. Data include the effects of HIPC and MDRI debt relief.",
"HND","BX.KLT.DINV.CD.DT","Data on Foreign Direct Investment are based on Balance of Payments reported by the International Monetary Fund. Unless otherwise specified in the specific years.",
"HND","DT.DOD.DECT.CD","Long-term public and publicly guaranteed and long-term private nonguaranteed debt data for 2015 are based on reports provided by the country. Short-term debt data for 2015 are sourced by the Quarterly External Debt Statistics database (http://datatopics.worldbank.org/debt/qeds). Data include the effects of HIPC and MDRI debt relief.",
"HTI","BX.KLT.DINV.CD.DT","Data on Foreign Direct Investment are based on Balance of Payments reported by the International Monetary Fund. Unless otherwise specified in the specific years.",
"HTI","DT.DOD.DECT.CD","Long-term public and publicly guaranteed debt data for 2015 are based on reports provided by the country. Long-term private nonguaranteed debt data only cover Inter-American Development Bank loans. Short-term debt data for 2015 are based on reports provided by the country. Data include the effects of Paris Club restructuring agreements signed in 2006 and 2009 and HIPC and MDRI debt relief.",
"IDN","BX.KLT.DINV.CD.DT","Data on Foreign Direct Investment are based on Balance of Payments reported by the International Monetary Fund. Unless otherwise specified in the specific years.",
"IDN","DT.DOD.DECT.CD","Long-term public and publicly guaranteed and long-term private nonguaranteed debt data for 2015 are based on reports provided by the country. Short-term debt data for 2015 are sourced by the Quarterly External Debt Statistics database (http://datatopics.worldbank.org/debt/qeds).",
"IND","BX.KLT.DINV.CD.DT","Data on Foreign Direct Investment are based on Balance of Payments reported by the International Monetary Fund. Unless otherwise specified in the specific years.",
"IND","DT.DOD.DECT.CD","Long-term public and publicly guaranteed and long-term private nonguaranteed debt data for 2015 are based on reports provided by the country. Short-term debt data for 2015 are sourced by the Quarterly External Debt Statistics database (http://datatopics.worldbank.org/debt/qeds).",
"IND","DT.DOD.DPNG.CD","Data prior to 2003 are mechanically adjusted from fiscal year to calendar year.",
"IND","DT.DOD.DPPG.CD","Data prior to 2003 are mechanically adjusted from fiscal year to calendar year.",
"IND","DT.DOD.PBND.CD","Long-term public and publicly guaranteed bonds include Foreign Institutional Investor debt as reported by the Bank of India.",
"IRN","BX.KLT.DINV.CD.DT","Data on Foreign Direct Investment are based on Balance of Payments reported by the International Monetary Fund. Unless otherwise specified in the specific years.",
"IRN","DT.DOD.DECT.CD","Long-term public and publicly guaranteed debt data for 2015 are based on reports provided by the country. Long-term private nonguaranteed debt data are not available. Short-term debt for 2015 is based on Central Bank data. Fiscal year-end for external debt data is March.",
"JAM","BX.KLT.DINV.CD.DT","Data on Foreign Direct Investment are based on Balance of Payments reported by the International Monetary Fund. Unless otherwise specified in the specific years.",
"JAM","DT.DOD.DECT.CD","Long-term public and publicly guaranteed debt data for 2015 are based on reports provided by the country.Long-term private nonguaranteed debt data for 2015 are World Bank staff estimates based on the market data. Short-term debt for 2015 is based on data from the BIS.",
"JOR","BX.KLT.DINV.CD.DT","Data on Foreign Direct Investment are based on Balance of Payments reported by the International Monetary Fund. Unless otherwise specified in the specific years.",
"JOR","DT.DOD.DECT.CD","Long-term public and publicly guaranteed debt data for 2015 are based on reports provided by the country. Long-term private nonguaranteed debt data and short-term debt data for 2015 are sourced by the Quarterly External Debt Statistics database (http://datatopics.worldbank.org/debt/qeds).",
"KAZ","BX.KLT.DINV.CD.DT","Data on Foreign Direct Investment are based on Balance of Payments reported by the International Monetary Fund. Unless otherwise specified in the specific years.",
"KAZ","DT.DOD.DECT.CD","Long-term public and publicly guaranteed and long-term private nonguaranteed debt data for 2015 are based on reports provided by the country. Short-term debt data for 2015 are sourced by the Quarterly External Debt Statistics database (http://datatopics.worldbank.org/debt/qeds).",
"KEN","BX.KLT.DINV.CD.DT","Data on Foreign Direct Investment are based on Balance of Payments reported by the International Monetary Fund. Unless otherwise specified in the specific years.",
"KEN","DT.DOD.DECT.CD","Long-term public and publicly guaranteed and long-term private nonguaranteed debt data for 2015 are based on reports provided by the country. Short-term debt for 2015 is based on data from the BIS.",
"KGZ","BX.KLT.DINV.CD.DT","Data on Foreign Direct Investment are based on Balance of Payments reported by the International Monetary Fund. Unless otherwise specified in the specific years.",
"KGZ","DT.DOD.DECT.CD","Long-term public and publicly guaranteed debt data for 2015 are based on reports provided by the country. Long-term private nonguaranteed debt data and short-term debt for 2015 are sourced by the Quarterly External Debt Statistics database (http://datatopics.worldbank.org/debt/qeds).",
"KHM","BX.KLT.DINV.CD.DT","Data on Foreign Direct Investment are based on Balance of Payments reported by the International Monetary Fund. Unless otherwise specified in the specific years.",
"KHM","DT.DOD.DECT.CD","Long-term public and publicly guaranteed debt data for 2015 are based on reports provided by the country. Long-term private nonguaranteed debt data and short-term debt for 2015 are based on Central Bank data. Data include MDRI debt relief.",
"KSV","BX.KLT.DINV.CD.DT","Data on Foreign Direct Investment are based on Balance of Payments reported by the International Monetary Fund. Unless otherwise specified in the specific years.",
"KSV","DT.DOD.DECT.CD","Long-term public and publicly guaranteed and long-term private nonguaranteed debt data for 2015 are based on reports provided by the country. Short-term debt data for 2015 are sourced by the Quarterly External Debt Statistics database (http://datatopics.worldbank.org/debt/qeds).",
"LAC","BX.KLT.DINV.CD.DT","Data on Foreign Direct Investment are based on Balance of Payments reported by the International Monetary Fund. Unless otherwise specified in the specific years.",
"LAO","BX.KLT.DINV.CD.DT","Data on Foreign Direct Investment are based on Balance of Payments reported by the International Monetary Fund. Unless otherwise specified in the specific years.",
"LAO","DT.DOD.DECT.CD","Long-term public and publicly guaranteed debt data for 2015 are based on reports provided by the country. Long-term private nonguaranteed debt data for 2015 are World Bank staff estimates based on the market data. Short-term debt for 2015 is based on data from the BIS.",
"LBN","BX.KLT.DINV.CD.DT","Data on Foreign Direct Investment are based on Balance of Payments reported by the International Monetary Fund. Unless otherwise specified in the specific years.",
"LBN","DT.DOD.DECT.CD","Long-term public and publicly guaranteed debt data for 2015 are based on reports provided by the country. Long-term private nonguaranteed debt only cover Bonds. Short-term debt for 2015 is based on data from the BIS.",
"LBR","BX.KLT.DINV.CD.DT","Data on Foreign Direct Investment are based on Balance of Payments reported by the International Monetary Fund. Unless otherwise specified in the specific years.",
"LBR","DT.DOD.DECT.CD","Long-term public and publicly guaranteed debt data for 2015 are based on reports provided by the country. Long-term private nonguaranteed debt data and short-term debt data for 2015 are sourced by the Quarterly External Debt Statistics database (http://datatopics.worldbank.org/debt/qeds). Data include the effects of Paris Club rescheduling agreement signed in 2008 and 2010, and HIPC and MDRI debt relief.",
"LCA","BX.KLT.DINV.CD.DT","Data on Foreign Direct Investment are based on Balance of Payments reported by the International Monetary Fund. Unless otherwise specified in the specific years.",
"LCA","DT.DOD.DECT.CD","Long-term public and publicly guaranteed debt data for 2015 are based on reports provided by the country. Long-term private nonguaranteed debt data are not available. Short-term debt for 2015 is sourced by the Quarterly External Debt Statistics database (http://datatopics.worldbank.org/debt/qeds).",
"LIC","BX.KLT.DINV.CD.DT","Data on Foreign Direct Investment are based on Balance of Payments reported by the International Monetary Fund. Unless otherwise specified in the specific years.",
"LKA","BX.KLT.DINV.CD.DT","Data on Foreign Direct Investment are based on Balance of Payments reported by the International Monetary Fund. Unless otherwise specified in the specific years.",
"LKA","DT.DOD.DECT.CD","Long-term public and publicly guaranteed and long-term private nonguaranteed debt data for 2015 are based on reports provided by the country. Short-term debt data for 2015 are sourced by the Quarterly External Debt Statistics database (http://datatopics.worldbank.org/debt/qeds).",
"LMC","BX.KLT.DINV.CD.DT","Data on Foreign Direct Investment are based on Balance of Payments reported by the International Monetary Fund. Unless otherwise specified in the specific years.",
"LMY","BX.KLT.DINV.CD.DT","Data on Foreign Direct Investment are based on Balance of Payments reported by the International Monetary Fund. Unless otherwise specified in the specific years.",
"LSO","BX.KLT.DINV.CD.DT","Data on Foreign Direct Investment are based on Balance of Payments reported by the International Monetary Fund. Unless otherwise specified in the specific years.",
"LSO","DT.DOD.DECT.CD","Long-term public and publicly guaranteed debt data for 2015 are based on reports provided by the country. Long-term private nonguaranteed debt data are not available. Short-term debt for 2015 is based on data from the BIS.",
"MAR","BX.KLT.DINV.CD.DT","Data on Foreign Direct Investment are based on Balance of Payments reported by the International Monetary Fund. Unless otherwise specified in the specific years.",
"MAR","DT.DOD.DECT.CD","Long-term public and publicly guaranteed and long-term private nonguaranteed debt data for 2015 are based on reports provided by the country. Short-term debt data for 2015 are sourced by the Quarterly External Debt Statistics database (http://datatopics.worldbank.org/debt/qeds).",
"MDA","BX.KLT.DINV.CD.DT","Data on Foreign Direct Investment are based on Balance of Payments reported by the International Monetary Fund. Unless otherwise specified in the specific years.",
"MDA","DT.DOD.DECT.CD","Long-term public and publicly guaranteed and long-term private nonguaranteed debt data for 2015 are based on reports provided by the country. Short-term debt data for 2015 are sourced by the Quarterly External Debt Statistics database (http://datatopics.worldbank.org/debt/qeds).",
"MDG","BX.KLT.DINV.CD.DT","Data on Foreign Direct Investment are based on Balance of Payments reported by the International Monetary Fund. Unless otherwise specified in the specific years.",
"MDG","DT.DOD.DECT.CD","Long-term public and publicly guaranteed and long-term private nonguaranteed debt data for 2015 are based on reports provided by the country. Short-term debt data for 2015 are sourced by the Quarterly External Debt Statistics database (http://datatopics.worldbank.org/debt/qeds). Data include the effects of HIPC and MDRI debt relief.",
"MDV","BX.KLT.DINV.CD.DT","Data on Foreign Direct Investment are based on Balance of Payments reported by the International Monetary Fund. Unless otherwise specified in the specific years.",
"MDV","DT.DOD.DECT.CD","Long-term public and publicly guaranteed debt data for 2015 are based on reports provided by the country. Long-term private nonguaranteed debt data for 2015 are World Bank staff estimates based on based on the original terms of the loans. Short-term debt for 2015 is based on data from the BIS.",
"MEX","BX.KLT.DINV.CD.DT","Data on Foreign Direct Investment are based on Balance of Payments reported by the International Monetary Fund. Unless otherwise specified in the specific years.",
"MEX","DT.DOD.DECT.CD","Long-term public and publicly guaranteed and long-term private nonguaranteed debt data for 2015 are based on reports provided by the country. Short-term debt data for 2015 are sourced by the Quarterly External Debt Statistics database (http://datatopics.worldbank.org/debt/qeds).",
"MIC","BX.KLT.DINV.CD.DT","Data on Foreign Direct Investment are based on Balance of Payments reported by the International Monetary Fund. Unless otherwise specified in the specific years.",
"MKD","BX.KLT.DINV.CD.DT","Data on Foreign Direct Investment are based on Balance of Payments reported by the International Monetary Fund. Unless otherwise specified in the specific years.",
"MKD","DT.DOD.DECT.CD","Long-term public and publicly guaranteed and long-term private nonguaranteed debt data for 2015 are based on reports provided by the country. Short-term debt data for 2015 are sourced by the Quarterly External Debt Statistics database (http://datatopics.worldbank.org/debt/qeds).",
"MLI","BX.KLT.DINV.CD.DT","Data on Foreign Direct Investment are based on Balance of Payments reported by the International Monetary Fund. Unless otherwise specified in the specific years.",
"MLI","DT.DOD.DECT.CD","Long-term public and publicly guaranteed debt data for 2015 are based on reports provided by the country. Long-term private nonguaranteed debt data are not available. Short-term debt for 2015 is based on data from the BIS. Data include the effects of HIPC and MDRI debt relief.",
"MMR","BX.KLT.DINV.CD.DT","Data on Foreign Direct Investment are based on Balance of Payments reported by the International Monetary Fund. Unless otherwise specified in the specific years.",
"MMR","DT.DOD.DECT.CD","Long-term public and publicly guaranteed and long-term private nonguaranteed debt data for 2015 are World Bank staff estimates based on the original terms of the loans.  Short-term debt data for 2015 are are not available. Fiscal year-end for external debt data is March.",
"MNA","BX.KLT.DINV.CD.DT","Data on Foreign Direct Investment are based on Balance of Payments reported by the International Monetary Fund. Unless otherwise specified in the specific years.",
"MNE","BX.KLT.DINV.CD.DT","Data on Foreign Direct Investment are based on Balance of Payments reported by the International Monetary Fund. Unless otherwise specified in the specific years.",
"MNE","DT.DOD.DECT.CD","Long-term public and publicly guaranteed debt data for 2015 are based on reports provided by the country. Long-term private nonguaranteed debt data (excluding bonds) only cover European Bank for Reconstruction and Development lending. Short-term debt for 2015 is based on data from the BIS.",
"MNG","BX.KLT.DINV.CD.DT","Data on Foreign Direct Investment are based on Balance of Payments reported by the International Monetary Fund. Unless otherwise specified in the specific years.",
"MNG","DT.DOD.DECT.CD","Long-term public and publicly guaranteed debt data for 2015 are based on reports provided by the country. Long-term private nonguaranteed and short-term debt data for 2015 are are sourced by the Quarterly External Debt Statistics database (http://datatopics.worldbank.org/debt/qeds).",
"MOZ","BX.KLT.DINV.CD.DT","Data on Foreign Direct Investment are based on Balance of Payments reported by the International Monetary Fund. Unless otherwise specified in the specific years.",
"MOZ","DT.DOD.DECT.CD","Long-term public and publicly guaranteed debt data for 2015 are based on reports provided by the country. Long-term private nonguaranteed debt data are not available. Short-term debt for 2015 is based on data from the BIS. Data include HIPC and MDRI debt relief.",
"MRT","BX.KLT.DINV.CD.DT","Data on Foreign Direct Investment are based on Balance of Payments reported by the International Monetary Fund. Unless otherwise specified in the specific years.",
"MRT","DT.DOD.DECT.CD","Long-term public and publicly guaranteed debt data for 2015 are based on reports provided by the country. Long-term private nonguaranteed debt data are not available. Short-term debt for 2015 is based on data from the BIS. Data include the effects of MDRI debt relief.",
"MUS","BX.KLT.DINV.CD.DT","Data on Foreign Direct Investment are based on Balance of Payments reported by the International Monetary Fund. Unless otherwise specified in the specific years.",
"MUS","DT.DOD.DECT.CD","Long-term public and publicly guaranteed debt data for 2015 are based on reports provided by the country. Long-term private nonguaranteed and short-term debt data for 2015 are World Bank staff estimates based on the Quarterly External Debt Statistics database (http://datatopics.worldbank.org/debt/qeds).",
"MWI","BX.KLT.DINV.CD.DT","Data on Foreign Direct Investment are based on Balance of Payments reported by the International Monetary Fund. Unless otherwise specified in the specific years.",
"MWI","DT.DOD.DECT.CD","Long-term public and publicly guaranteed debt data for 2015 are based on reports provided by the country. Long-term private nonguaranteed debt data are not available. Short-term debt for 2015 is based on data from the BIS. Data include the effects of Paris Club rescheduling agreement signed in 2006 and HIPC and MDRI debt relief.",
"MYS","BX.KLT.DINV.CD.DT","Data on Foreign Direct Investment are based on Balance of Payments reported by the International Monetary Fund. Unless otherwise specified in the specific years.",
"MYS","DT.DOD.DECT.CD","Long-term public and publicly guaranteed and long-term private nonguaranteed debt data for 2015 are World Bank staff estimates based on reports provided by the country. Short-term debt data for 2015 are sourced by the Quarterly External Debt Statistics database (http://datatopics.worldbank.org/debt/qeds).",
"NER","BX.KLT.DINV.CD.DT","Data on Foreign Direct Investment are based on Balance of Payments reported by the International Monetary Fund. Unless otherwise specified in the specific years.",
"NER","DT.DOD.DECT.CD","Long-term public and publicly guaranteed debt data for 2015 are based on reports provided by the country. Long-term private nonguaranteed debt data are not available. Short-term debt for 2015 is based on data from the BIS. Data include the effects of HIPC and MDRI debt relief.",
"NGA","BX.KLT.DINV.CD.DT","Data on Foreign Direct Investment are based on Balance of Payments reported by the International Monetary Fund. Unless otherwise specified in the specific years.",
"NGA","DT.DOD.DECT.CD","Long-term public and publicly guaranteed debt data for 2015 are World Bank staff estimates based on the original terms of the loans. Long-term private nonguaranteed debt data for 2015 are based Central Bank data. Short-term debt data for 2015 are sourced by the Quarterly External Debt Statistics database (http://datatopics.worldbank.org/debt/qeds).",
"NIC","BX.KLT.DINV.CD.DT","Data on Foreign Direct Investment are based on Balance of Payments reported by the International Monetary Fund. Unless otherwise specified in the specific years.",
"NIC","DT.DOD.DECT.CD","Long-term public and publicly guaranteed and long-term private nonguaranteed debt data for 2015 are based on reports provided by the country. Short-term debt data for 2015 are sourced by the Quarterly External Debt Statistics database (http://datatopics.worldbank.org/debt/qeds). Data include the effects of HIPC and MDRI debt relief.",
"NPL","BX.KLT.DINV.CD.DT","Data on Foreign Direct Investment are based on Balance of Payments reported by the International Monetary Fund. Unless otherwise specified in the specific years.",
"NPL","DT.DOD.DECT.CD","Long-term public and publicly guaranteed debt data for 2015 are based on reports provided by the country. Long-term private nonguaranteed debt data are not available. Short-term debt for 2015 is sourced by the Quarterly External Debt Statistics database (http://datatopics.worldbank.org/debt/qeds).",
"PAK","BX.KLT.DINV.CD.DT","Data on Foreign Direct Investment are based on Balance of Payments reported by the International Monetary Fund. Unless otherwise specified in the specific years.",
"PAK","DT.DOD.DECT.CD","Long-term public and publicly guaranteed debt data for 2015 are based on reports provided by the country. Long-term private nonguaranteed and short-term debt data for 2015 are based on Central Bank data.",
"PAN","BX.KLT.DINV.CD.DT","Data on Foreign Direct Investment are based on Balance of Payments reported by the International Monetary Fund. Unless otherwise specified in the specific years.",
"PAN","DT.DOD.DECT.CD","Long-term public and publicly guaranteed debt data for 2015 are based on reports provided by the country. Long-term private nonguaranteed and short-term debt data for 2015 is sourced by the Quarterly External Debt Statistics database (http://datatopics.worldbank.org/debt/qeds).",
"PAN","DT.DOD.DSTC.CD","Short-term debt data are excluded since BIS data include debt liabilities of offshore centers located in the country. ",
"PER","BX.KLT.DINV.CD.DT","Data on Foreign Direct Investment are based on Balance of Payments reported by the International Monetary Fund. Unless otherwise specified in the specific years.",
"PER","DT.DOD.DECT.CD","Long-term public and publicly guaranteed debt data for 2015 are based on reports provided by the country. Long-term private nonguaranteed and short-term debt data for 2015 is is sourced by the Quarterly External Debt Statistics database (http://datatopics.worldbank.org/debt/qeds).  Data for 2007 include Bond prepayment and prepayment to Paris Club creditors.",
"PHL","BX.KLT.DINV.CD.DT","Data on Foreign Direct Investment are based on Balance of Payments reported by the International Monetary Fund. Unless otherwise specified in the specific years.",
"PHL","DT.DOD.DECT.CD","Long-term public and publicly guaranteed, long-term private nonguaranteed, and short-term debt data for 2015 are based on reports provided by the country. Long-term private nonguaranteed debt data no longer include unregistered debt and are revised from 2005 based on the reports provided by the country.",
"PHL","DT.DOD.DPNG.CD","Long-term private nonguaranteed debt includes the following monitored aggregate private-sector debt: unregistered debt, intercompany debt and capital leases.",
"PNG","BX.KLT.DINV.CD.DT","Data on Foreign Direct Investment are based on Balance of Payments reported by the International Monetary Fund. Unless otherwise specified in the specific years.",
"PNG","DT.DOD.DECT.CD","Long-term public and publicly guaranteed and long-term private nonguaranteed debt data for 2015 are based on reports provided by the country. Short-term debt for 2015 is based on data from the BIS.",
"PRY","BX.KLT.DINV.CD.DT","Data on Foreign Direct Investment are based on Balance of Payments reported by the International Monetary Fund. Unless otherwise specified in the specific years.",
"PRY","DT.DOD.DECT.CD","Long-term public and publicly guaranteed for 2015 are based on reports provided by the country. Long-term private nonguaranteed debt and short-term debt for 2015 are based on Central Bank data.",
"ROM","BX.KLT.DINV.CD.DT","Data on Foreign Direct Investment are based on Balance of Payments reported by the International Monetary Fund. Unless otherwise specified in the specific years.",
"ROM","DT.DOD.DECT.CD","Long-term public and publicly guaranteed and long-term private nonguaranteed debt data for 2015 are based on reports provided by the country. Short-term debt for 2015 is sourced by the Quarterly External Debt Statistics database (http://datatopics.worldbank.org/debt/qeds).",
"RUS","BX.KLT.DINV.CD.DT","Data on Foreign Direct Investment are based on Balance of Payments reported by the International Monetary Fund. Unless otherwise specified in the specific years.",
"RUS","DT.DOD.DECT.CD","Long-term public and publicly guaranteed, long-term private nonguaranteed and short-term debt data for 2015 are World Bank staff estimates based on reports provided by the country.",
"RWA","BX.KLT.DINV.CD.DT","Data on Foreign Direct Investment are based on Balance of Payments reported by the International Monetary Fund. Unless otherwise specified in the specific years.",
"RWA","DT.DOD.DECT.CD","Long-term public and publicly guaranteed debt data for 2015 are based on reports provided by the country. Long-term private nonguaranteed debt data are not available. Short-term debt for 2015 is based on data from the BIS. Data include the effects of HIPC and MDRI debt relief.",
"SAS","BX.KLT.DINV.CD.DT","Data on Foreign Direct Investment are based on Balance of Payments reported by the International Monetary Fund. Unless otherwise specified in the specific years.",
"SDN","BX.KLT.DINV.CD.DT","Data on Foreign Direct Investment are based on Balance of Payments reported by the International Monetary Fund. Unless otherwise specified in the specific years.",
"SDN","DT.DOD.DECT.CD","Long-term public and publicly guaranteed debt data for 2015 are based on reports provided by the country. Long-term private nonguaranteed debt data are not available. Short-term debt for 2015 is based on data from the BIS.",
"SEN","BX.KLT.DINV.CD.DT","Data on Foreign Direct Investment are based on Balance of Payments reported by the International Monetary Fund. Unless otherwise specified in the specific years.",
"SEN","DT.DOD.DECT.CD","Long-term public and publicly guaranteed, long-term private nonguaranteed, and short-term debt data for 2015 are based on reports provided by the country. Data include the effects of Paris Club debt restructuring agreement and HIPC and MDRI debt relief.",
"SLB","BX.KLT.DINV.CD.DT","Data on Foreign Direct Investment are based on Balance of Payments reported by the International Monetary Fund. Unless otherwise specified in the specific years.",
"SLB","DT.DOD.DECT.CD","Long-term public and publicly guaranteed debt and long-term private nonguaranteed debt data for 2015 are based on reports provided by the country. Short-term debt data for 2014 is sourced by the Quarterly External Debt Statistics database (http://datatopics.worldbank.org/debt/qeds).",
"SLE","BX.KLT.DINV.CD.DT","Data on Foreign Direct Investment are based on Balance of Payments reported by the International Monetary Fund. Unless otherwise specified in the specific years.",
"SLE","DT.DOD.DECT.CD","Long-term public and publicly guaranteed debt data for 2015 are based on reports provided by the country. Long-term private nonguaranteed debt data are not available. Short-term debt for 2015 is based on data from the BIS. Data include the effects of Paris Club debt restructuring agreement and HIPC and MDRI debt relief.",
"SLV","BX.KLT.DINV.CD.DT","Data on Foreign Direct Investment are based on Balance of Payments reported by the International Monetary Fund. Unless otherwise specified in the specific years.",
"SLV","DT.DOD.DECT.CD","Long-term public and publicly guaranteed debt data for 2015 are based on reports provided by the country. Long-term private nonguaranteed and short-term debt data for 2015 are sourced by the Quarterly External Debt Statistics database (http://datatopics.worldbank.org/debt/qeds).",
"SOM","BX.KLT.DINV.CD.DT","Data on Foreign Direct Investment are based on Balance of Payments reported by the International Monetary Fund. Unless otherwise specified in the specific years.",
"SOM","DT.DOD.DECT.CD","Long-term public and publicly guaranteed debt data for 2015 are World Bank staff estimates based on the original terms of the loans. Long-term private nonguaranteed debt data and short-term debt data are not available.",
"SRB","BX.KLT.DINV.CD.DT","Data on Foreign Direct Investment are based on Balance of Payments reported by the International Monetary Fund. Unless otherwise specified in the specific years.",
"SRB","DT.DOD.DECT.CD","Long-term public and publicly guaranteed debt data,  long-term private nonguaranteed debt data and short-term debt data for 2015 are based on reports provided by the country.",
"SSA","BX.KLT.DINV.CD.DT","Data on Foreign Direct Investment are based on Balance of Payments reported by the International Monetary Fund. Unless otherwise specified in the specific years.",
"STP","BX.KLT.DINV.CD.DT","Data on Foreign Direct Investment are based on Balance of Payments reported by the International Monetary Fund. Unless otherwise specified in the specific years.",
"STP","DT.DOD.DECT.CD","Long-term public and publicly guaranteed debt data for 2015 are based on reports provided by the country. Long-term private nonguaranteed debt data are not available. Short-term debt for 2015 is based on data from the BIS. Data include HIPC and MDRI debt relief.",
"SWZ","BX.KLT.DINV.CD.DT","Data on Foreign Direct Investment are based on Balance of Payments reported by the International Monetary Fund. Unless otherwise specified in the specific years.",
"SWZ","DT.DOD.DECT.CD","Long-term public and publicly guaranteed debt data for 2015 are based on reports provided by the country. Long-term private nonguaranteed debt data are not available. Short-term debt for 2015 is based on data from the BIS.",
"SYR","BX.KLT.DINV.CD.DT","Data on Foreign Direct Investment are based on Balance of Payments reported by the International Monetary Fund. Unless otherwise specified in the specific years.",
"SYR","DT.DOD.DECT.CD","Long-term public and publicly guaranteed debt data for 2015 are World Bank staff estimates based on the original terms of the loans. Long-term private nonguaranteed debt data are not available. Short-term debt for 2015 is based on data from the BIS.",
"TCD","BX.KLT.DINV.CD.DT","Data on Foreign Direct Investment are based on Balance of Payments reported by the International Monetary Fund. Unless otherwise specified in the specific years.",
"TCD","DT.DOD.DECT.CD","Long-term public and publicly guaranteed debt data for 2015 are based on reports provided by the country. Long-term private nonguaranteed debt data are not available. Short-term debt data for 2015 is based on data from the BIS. Data include the effects of HIPC debt relief.",
"TGO","BX.KLT.DINV.CD.DT","Data on Foreign Direct Investment are based on Balance of Payments reported by the International Monetary Fund. Unless otherwise specified in the specific years.",
"TGO","DT.DOD.DECT.CD","Long-term public and publicly guaranteed debt data for 2015 are based on reports provided by the country. Long-term private nonguaranteed debt data are not available. Short-term debt for 2015 is based on data from the BIS. Data include the effects of Paris Club debt restructuring agreement and HIPC and MDRI debt relief.",
"THA","BX.KLT.DINV.CD.DT","Data on Foreign Direct Investment are based on Balance of Payments reported by the International Monetary Fund. Unless otherwise specified in the specific years.",
"THA","DT.DOD.DECT.CD","Long-term public and publicly guaranteed, long-term private nonguaranteed and short-term debt data for 2015 are based on reports provided by the country.",
"TJK","BX.KLT.DINV.CD.DT","Data on Foreign Direct Investment are based on Balance of Payments reported by the International Monetary Fund. Unless otherwise specified in the specific years.",
"TJK","DT.DOD.DECT.CD","Long-term public and publicly guaranteed debt data for 2015 are based on reports provided by the country. Long-term private nonguaranteed debt data for 2014 are World Bank staff estimates based on reports provided by the country. Short-term debt data for 2014 is based on data from the BIS. Data include MDRI debt relief.",
"TKM","BX.KLT.DINV.CD.DT","Data on Foreign Direct Investment are based on Balance of Payments reported by the International Monetary Fund. Unless otherwise specified in the specific years.",
"TKM","DT.DOD.DECT.CD","Long-term public and publicly guaranteed debt data for 2015 are World Bank staff estimates based on the original terms of the loans. Long-term private nonguaranteed debt data (excluding bonds) only cover European Bank for Reconstruction and Development lending. Short-term debt for 2015 is based on data from the BIS.",
"TON","BX.KLT.DINV.CD.DT","Data on Foreign Direct Investment are based on Balance of Payments reported by the International Monetary Fund. Unless otherwise specified in the specific years.",
"TON","DT.DOD.DECT.CD","Long-term public and publicly guaranteed debt data for 2015 are based on reports provided by the country. Long-term private nonguaranteed debt data are not available. Short-term debt for 2015 is based on data from the BIS.",
"TUN","BX.KLT.DINV.CD.DT","Data on Foreign Direct Investment are based on Balance of Payments reported by the International Monetary Fund. Unless otherwise specified in the specific years.",
"TUN","DT.DOD.DECT.CD","Long-term public and publicly guaranteed debt data for 2015 are based on reports provided by the country. Long-term private nonguaranteed debt data and short-term debt data for 2015 are sourced by the Quarterly External Debt Statistics database (http://datatopics.worldbank.org/debt/qeds).",
"TUR","BX.KLT.DINV.CD.DT","Data on Foreign Direct Investment are based on Balance of Payments reported by the International Monetary Fund. Unless otherwise specified in the specific years.",
"TUR","DT.DOD.DECT.CD","Long-term public and publicly guaranteed and long-term private nonguaranteed debt data for 2015 are based on reports provided by the country. Short-term debt data for 2015 are sourced by the Quarterly External Debt Statistics database (http://datatopics.worldbank.org/debt/qeds).",
"TZA","BX.KLT.DINV.CD.DT","Data on Foreign Direct Investment are based on Balance of Payments reported by the International Monetary Fund. Unless otherwise specified in the specific years.",
"TZA","DT.DOD.DECT.CD","Long-term public and publicly guaranteed debt data for 2015 are based on reports provided by the country. Long-term private nonguaranteed debt data for 2015 are based on Central Bank data. Short-term debt datafor 2015 is based on data from the BIS. Data include the effects of HIPC and MDRI debt relief.",
"TZA","DT.DOD.DPPG.CD","Data include debt liabilities of Zanzibar.",
"UGA","BX.KLT.DINV.CD.DT","Data on Foreign Direct Investment are based on Balance of Payments reported by the International Monetary Fund. Unless otherwise specified in the specific years.",
"UGA","DT.DOD.DECT.CD","Long-term public and publicly guaranteed debt data for 2015 are based on reports provided by the country. Long-term private nonguaranteed debt data are not available. Short-term debt data for 2015 are sourced by the Quarterly External Debt Statistics database (http://datatopics.worldbank.org/debt/qeds). Data include the effects of HIPC and MDRI debt relief.",
"UKR","BX.KLT.DINV.CD.DT","Data on Foreign Direct Investment are based on Balance of Payments reported by the International Monetary Fund. Unless otherwise specified in the specific years.",
"UKR","DT.DOD.DECT.CD","Long-term public and publicly guaranteed and long-term private nonguaranteed debt data for 2015 are based on reports provided by the country. Short-term debt data for 2015 are sourced by the Quarterly External Debt Statistics database (http://datatopics.worldbank.org/debt/qeds).",
"UMC","BX.KLT.DINV.CD.DT","Data on Foreign Direct Investment are based on Balance of Payments reported by the International Monetary Fund. Unless otherwise specified in the specific years.",
"UZB","BX.KLT.DINV.CD.DT","Data on Foreign Direct Investment are based on Balance of Payments reported by the International Monetary Fund. Unless otherwise specified in the specific years.",
"UZB","DT.DOD.DECT.CD","Long-term public and publicly guaranteed and long-term private nonguaranteed debt data for 2014 are based on reports provided by the country. Short-term debt data for 2015 is based on data from the BIS.",
"VCT","BX.KLT.DINV.CD.DT","Data on Foreign Direct Investment are based on Balance of Payments reported by the International Monetary Fund. Unless otherwise specified in the specific years.",
"VCT","DT.DOD.DECT.CD","Long-term public and publicly guaranteed debt data for 2015 are based on reports provided by the country. Long-term private nonguaranteed debt data are not available. Short-term debt data are excluded since BIS data include debt liabilities of offshore centers located in the country. BIS short-term debt data for 2011, 2012, 2013, 2014 and 2015 are $362 million, $422 million, $474 million, $1223 million and $696 million respectively.",
"VCT","DT.DOD.DSTC.CD","Short-term debt data are excluded since BIS data include debt liabilities of offshore centers located in the country. ",
"VEN","BX.KLT.DINV.CD.DT","Data on Foreign Direct Investment are based on Balance of Payments reported by the International Monetary Fund. Unless otherwise specified in the specific years.",
"VEN","DT.DOD.DECT.CD","Long-term public and publicly guaranteed debt data for 2015 are based on reports provided by the country. Long-term private nonguaranteed and short-term debt data for 2015 are based on Central Bank data.",
"VNM","BX.KLT.DINV.CD.DT","Data on Foreign Direct Investment are based on Balance of Payments reported by the International Monetary Fund. Unless otherwise specified in the specific years.",
"VNM","DT.DOD.DECT.CD","Long-term public and publicly guaranteed and long-term private nonguaranteed debt data for 2015 are based on reports provided by the country. Short-term debt for 2015 is based on data from the BIS.",
"VUT","BX.KLT.DINV.CD.DT","Data on Foreign Direct Investment are based on Balance of Payments reported by the International Monetary Fund. Unless otherwise specified in the specific years.",
"VUT","DT.DOD.DECT.CD","Long-term public and publicly guaranteed debt data for 2015 are World Bank staff estimates based on the original terms of the loans. Long-term private nonguaranteed debt data are not available. Short-term debt for 2015 is based on data from the BIS.",
"WSM","BX.KLT.DINV.CD.DT","Data on Foreign Direct Investment are based on Balance of Payments reported by the International Monetary Fund. Unless otherwise specified in the specific years.",
"WSM","DT.DOD.DECT.CD","Long-term public and publicly guaranteed debt data for 2015 are based on reports provided by the country. Long-term private nonguaranteed debt data are not available. Short-term debt data are excluded since BIS data include debt liabilities of offshore centers located in the country. BIS short-term debt data for 2013, 2014, and 2015 are $3.2 billion, $4.5 billion and $4.6 billion respectively.",
"WSM","DT.DOD.DSTC.CD","Short-term debt data are excluded since BIS data include debt liabilities of offshore centers located in the country. ",
"YEM","BX.KLT.DINV.CD.DT","Data on Foreign Direct Investment are based on Balance of Payments reported by the International Monetary Fund. Unless otherwise specified in the specific years.",
"YEM","DT.DOD.DECT.CD","Long-term public and publicly guaranteed debt data for 2015 are World Bank staff estimates based on the original terms of the loans. Long-term private nonguaranteed debt data are not available. Short-term debt for 2015 is based on data from the BIS.",
"ZAF","BX.KLT.DINV.CD.DT","Data on Foreign Direct Investment are based on Balance of Payments reported by the International Monetary Fund. Unless otherwise specified in the specific years.",
"ZAF","DT.DOD.DECT.CD","Long-term public and publicly guaranteed, long-term private nonguaranteed and short-term debt data for 2015 are World Bank staff estimates based on reports provided by the country.",
"ZAR","BX.KLT.DINV.CD.DT","Data on Foreign Direct Investment are based on Balance of Payments reported by the International Monetary Fund. Unless otherwise specified in the specific years.",
"ZAR","DT.DOD.DECT.CD","Long-term public and publicly guaranteed debt data for 2015 are based on reports provided by the country. Long-term private nonguaranteed debt data are not available. Short-term debt for 2015 is based on data from the BIS. Data include the effects of Paris Club debt restructuring agreement and HIPC and MDRI debt relief.",
"ZMB","BX.KLT.DINV.CD.DT","Data on Foreign Direct Investment are based on Balance of Payments reported by the International Monetary Fund. Unless otherwise specified in the specific years.",
"ZMB","DT.DOD.DECT.CD","Long-term public and publicly guaranteed debt data for 2015 are based on reports provided by the country. Long-term private nonguaranteed debt data for 2015 are World Bank staff estimates. Short-term debt data for 2015 is based on data from the BIS.",
"ZWE","BX.KLT.DINV.CD.DT","Data on Foreign Direct Investment are based on Balance of Payments reported by the International Monetary Fund. Unless otherwise specified in the specific years.",
"ZWE","DT.DOD.DECT.CD","Long-term public and publicly guaranteed and long-term private nonguaranteed debt data for 2015 are based on reports provided by the country. Short-term debt for 2015 is based on data from the BIS.",
