"KoneËn· spotreba dom·cnostÌ podæa Klasifik·cie individu·lnej spotreby (COICOP) v mil. EUR st·lych cien, indexy"

" ";"1995Q1";"1995Q2";"1995Q3";"1995Q4";"1996Q1";"1996Q2";"1996Q3";"1996Q4";"1997Q1";"1997Q2";"1997Q3";"1997Q4";"1998Q1";"1998Q2";"1998Q3";"1998Q4";"1999Q1";"1999Q2";"1999Q3";"1999Q4";"2000Q1";"2000Q2";"2000Q3";"2000Q4";"2001Q1";"2001Q2";"2001Q3";"2001Q4";"2002Q1";"2002Q2";"2002Q3";"2002Q4";"2003Q1";"2003Q2";"2003Q3";"2003Q4";"2004Q1";"2004Q2";"2004Q3";"2004Q4";"2005Q1";"2005Q2";"2005Q3";"2005Q4";"2006Q1";"2006Q2";"2006Q3";"2006Q4";"2007Q1";"2007Q2";"2007Q3";"2007Q4";"2008Q1";"2008Q2";"2008Q3";"2008Q4";"2009Q1";"2009Q2";"2009Q3";"2009Q4";"2010Q1";"2010Q2";"2010Q3";"2010Q4";"2011Q1";"2011Q2";"2011Q3";"2011Q4";"2012Q1";"2012Q2";"2012Q3";"2012Q4";"2013Q1";"2013Q2";"2013Q3";"2013Q4";"2014Q1";"2014Q2";"2014Q3";"2014Q4";"2015Q1";"2015Q2";"2015Q3";"2015Q4";"2016Q1";"2016Q2";"2016Q3"
"⁄hrn"
"  mil. EUR s.c.p.r.";"2 169,26";"2 316,93";"2 300,91";"2 299,46";"2 589,49";"2 765,76";"2 746,64";"2 744,91";"2 937,99";"3 171,80";"3 084,50";"3 064,10";"3 227,76";"3 491,66";"3 483,81";"3 363,94";"3 449,03";"3 742,80";"3 535,81";"3 534,04";"3 686,99";"4 021,78";"4 039,75";"4 204,22";"4 325,85";"4 438,95";"4 612,05";"4 822,45";"4 666,55";"5 014,39";"5 177,44";"5 457,95";"5 124,79";"5 303,06";"5 395,78";"5 678,86";"5 697,15";"5 799,84";"6 061,51";"6 439,54";"6 481,73";"6 635,94";"6 935,22";"7 193,99";"7 131,19";"7 163,57";"7 451,10";"7 900,90";"8 007,19";"8 165,88";"8 502,71";"8 804,35";"8 832,66";"8 887,64";"9 256,85";"9 436,73";"9 196,46";"9 364,32";"9 709,57";"9 561,83";"9 238,78";"9 389,36";"9 747,74";"9 631,56";"9 305,68";"9 388,02";"9 761,45";"9 718,50";"9 689,00";"9 740,90";"10 078,28";"9 992,89";"9 849,37";"10 102,99";"10 326,20";"10 262,88";"10 170,45";"10 375,05";"10 551,72";"10 547,52";"10 316,86";"10 606,14";"10 796,38";"10 802,62";"10 576,69";"10 925,08";"11 054,76"
"  mil. EUR s.c.10";"4 711,89";"5 032,64";"4 997,85";"4 994,70";"5 147,80";"5 498,23";"5 460,22";"5 456,77";"5 587,18";"6 031,81";"5 865,79";"5 826,99";"5 882,41";"6 363,36";"6 349,05";"6 130,61";"5 952,79";"6 459,82";"6 102,57";"6 099,52";"5 795,27";"6 321,49";"6 349,75";"6 608,26";"6 272,98";"6 436,98";"6 688,00";"6 993,10";"6 410,49";"6 888,31";"7 112,30";"7 497,65";"6 839,57";"7 077,49";"7 201,23";"7 579,04";"7 130,60";"7 259,13";"7 586,63";"8 059,78";"7 566,30";"7 746,32";"8 095,68";"8 397,75";"8 104,03";"8 140,84";"8 467,59";"8 978,75";"8 676,33";"8 848,28";"9 213,26";"9 540,10";"9 328,33";"9 386,39";"9 776,32";"9 966,30";"9 295,21";"9 464,88";"9 813,84";"9 664,50";"9 333,33";"9 485,44";"9 847,50";"9 730,12";"9 305,68";"9 388,02";"9 761,45";"9 718,50";"9 324,13";"9 374,08";"9 698,75";"9 616,58";"9 161,35";"9 397,25";"9 604,86";"9 545,97";"9 334,96";"9 522,76";"9 684,92";"9 681,06";"9 478,36";"9 744,13";"9 918,90";"9 924,64";"9 729,30";"10 049,77";"10 169,06"
"  indexy v s.c.10, romr=100";".";".";".";".";"109,3";"109,3";"109,3";"109,3";"108,5";"109,7";"107,4";"106,8";"105,3";"105,5";"108,2";"105,2";"101,2";"101,5";"96,1";"99,5";"97,4";"97,9";"104,1";"108,3";"108,2";"101,8";"105,3";"105,8";"102,2";"107,0";"106,3";"107,2";"106,7";"102,7";"101,3";"101,1";"104,3";"102,6";"105,4";"106,3";"106,1";"106,7";"106,7";"104,2";"107,1";"105,1";"104,6";"106,9";"107,1";"108,7";"108,8";"106,3";"107,5";"106,1";"106,1";"104,5";"99,6";"100,8";"100,4";"97,0";"100,4";"100,2";"100,3";"100,7";"99,7";"99,0";"99,1";"99,9";"100,2";"99,9";"99,4";"99,0";"98,3";"100,2";"99,0";"99,3";"101,9";"101,3";"100,8";"101,4";"101,5";"102,3";"102,4";"102,5";"102,6";"103,1";"102,5"
"Potraviny a nealkoholickÈ n·poje"
"  mil. EUR s.c.p.r.";"590,09";"659,32";"646,91";"652,16";"704,40";"787,04";"772,23";"778,50";"796,51";"888,05";"871,54";"859,49";"884,73";"963,99";"956,39";"925,14";"910,72";"1 050,69";"989,29";"940,90";"877,60";"950,66";"935,80";"942,85";"1 029,12";"1 064,27";"1 084,87";"1 157,77";"1 098,51";"1 197,37";"1 224,61";"1 249,64";"1 161,58";"1 249,71";"1 198,37";"1 245,63";"1 108,40";"1 202,89";"1 216,22";"1 294,60";"1 258,07";"1 328,84";"1 371,30";"1 383,85";"1 270,95";"1 381,15";"1 393,09";"1 434,51";"1 309,68";"1 556,45";"1 510,64";"1 609,97";"1 434,41";"1 623,35";"1 529,09";"1 716,28";"1 681,22";"1 836,17";"1 790,47";"1 778,08";"1 602,82";"1 749,03";"1 708,38";"1 692,57";"1 610,34";"1 719,42";"1 704,70";"1 690,00";"1 755,31";"1 804,65";"1 759,34";"1 789,47";"1 755,30";"1 847,91";"1 794,68";"1 854,94";"1 854,11";"1 969,82";"1 918,64";"1 969,46";"1 894,50";"2 004,21";"1 960,69";"1 998,00";"1 966,22";"2 119,53";"2 066,10"
"  mil. EUR s.c.10";"1 104,27";"1 233,81";"1 210,60";"1 220,42";"1 151,70";"1 286,80";"1 262,60";"1 272,84";"1 271,40";"1 417,51";"1 391,17";"1 371,93";"1 341,51";"1 461,68";"1 450,17";"1 402,78";"1 325,48";"1 529,20";"1 439,84";"1 369,41";"1 234,56";"1 337,33";"1 316,44";"1 326,35";"1 271,08";"1 314,50";"1 339,94";"1 429,98";"1 307,89";"1 425,59";"1 458,03";"1 487,83";"1 370,62";"1 474,61";"1 414,03";"1 469,79";"1 280,45";"1 389,60";"1 405,00";"1 495,55";"1 383,66";"1 461,50";"1 508,19";"1 522,00";"1 423,01";"1 546,39";"1 559,76";"1 606,13";"1 436,71";"1 707,42";"1 657,17";"1 766,14";"1 513,19";"1 712,51";"1 613,07";"1 810,55";"1 638,52";"1 789,54";"1 745,00";"1 732,93";"1 628,67";"1 777,23";"1 735,93";"1 719,86";"1 610,34";"1 719,42";"1 704,70";"1 690,00";"1 658,83";"1 705,46";"1 662,64";"1 691,12";"1 593,89";"1 677,99";"1 629,65";"1 684,37";"1 627,26";"1 728,82";"1 683,89";"1 728,50";"1 670,13";"1 766,84";"1 728,47";"1 761,37";"1 731,50";"1 866,51";"1 819,46"
"  indexy v s.c.10, romr=100";".";".";".";".";"104,3";"104,3";"104,3";"104,3";"110,4";"110,2";"110,2";"107,8";"105,5";"103,1";"104,2";"102,2";"98,8";"104,6";"99,3";"97,6";"93,1";"87,5";"91,4";"96,9";"103,0";"98,3";"101,8";"107,8";"102,9";"108,5";"108,8";"104,0";"104,8";"103,4";"97,0";"98,8";"93,4";"94,2";"99,4";"101,8";"108,1";"105,2";"107,3";"101,8";"102,8";"105,8";"103,4";"105,5";"101,0";"110,4";"106,2";"110,0";"105,3";"100,3";"97,3";"102,5";"108,3";"104,5";"108,2";"95,7";"99,4";"99,3";"99,5";"99,2";"98,9";"96,7";"98,2";"98,3";"103,0";"99,2";"97,5";"100,1";"96,1";"98,4";"98,0";"99,6";"102,1";"103,0";"103,3";"102,6";"102,6";"102,2";"102,6";"101,9";"103,7";"105,6";"105,3"
"AlkoholickÈ n·poje a tabak"
"  mil. EUR s.c.p.r.";"163,75";"170,16";"155,19";"162,78";"195,47";"203,12";"185,26";"194,31";"204,26";"220,94";"201,21";"206,19";"200,08";"228,00";"211,17";"227,58";"234,75";"262,65";"216,24";"226,81";"248,07";"268,84";"224,37";"251,24";"260,25";"268,11";"233,93";"265,25";"273,93";"292,08";"264,77";"304,87";"297,87";"314,88";"266,66";"303,06";"298,33";"318,20";"300,30";"349,04";"336,62";"358,50";"317,55";"394,69";"351,31";"370,47";"322,72";"382,47";"353,53";"377,78";"364,43";"475,71";"396,75";"401,17";"382,54";"440,59";"385,52";"408,78";"378,30";"459,99";"404,73";"428,61";"398,09";"483,06";"410,41";"431,77";"418,47";"540,83";"437,54";"466,12";"460,47";"513,23";"443,20";"466,63";"456,00";"516,18";"460,37";"480,48";"470,94";"538,54";"470,72";"495,11";"480,50";"555,46";"473,36";"498,75";"488,90"
"  mil. EUR s.c.10";"337,04";"350,23";"319,43";"335,04";"363,44";"377,66";"344,46";"361,28";"376,96";"407,74";"371,33";"380,52";"368,05";"419,40";"388,46";"418,64";"402,09";"449,88";"370,38";"388,49";"406,51";"440,55";"367,69";"411,71";"407,55";"419,85";"366,33";"415,38";"417,14";"444,77";"403,19";"464,25";"427,98";"452,41";"383,12";"435,43";"396,41";"422,81";"399,02";"463,79";"417,90";"445,06";"394,22";"489,98";"440,67";"464,70";"404,80";"479,76";"427,48";"456,79";"440,65";"575,21";"461,80";"466,94";"445,26";"512,83";"428,85";"454,72";"420,82";"511,69";"425,20";"450,29";"418,22";"507,49";"410,41";"431,77";"418,47";"540,83";"423,07";"450,71";"445,24";"496,27";"422,04";"444,35";"434,23";"491,53";"427,18";"445,84";"436,98";"499,71";"429,95";"452,23";"438,88";"507,35";"429,97";"453,03";"444,08"
"  indexy v s.c.10, romr=100";".";".";".";".";"107,8";"107,8";"107,8";"107,8";"103,7";"108,0";"107,8";"105,3";"97,6";"102,9";"104,6";"110,0";"109,2";"107,3";"95,3";"92,8";"101,1";"97,9";"99,3";"106,0";"100,3";"95,3";"99,6";"100,9";"102,4";"105,9";"110,1";"111,8";"102,6";"101,7";"95,0";"93,8";"92,6";"93,5";"104,2";"106,5";"105,4";"105,3";"98,8";"105,6";"105,4";"104,4";"102,7";"97,9";"97,0";"98,3";"108,9";"119,9";"108,0";"102,2";"101,0";"89,2";"92,9";"97,4";"94,5";"99,8";"99,1";"99,0";"99,4";"99,2";"96,5";"95,9";"100,1";"106,6";"103,1";"104,4";"106,4";"91,8";"99,8";"98,6";"97,5";"99,0";"101,2";"100,3";"100,6";"101,7";"100,6";"101,4";"100,4";"101,5";"100,0";"100,2";"101,2"
"Odevy a obuv"
"  mil. EUR s.c.p.r.";"170,71";"180,61";"186,70";"181,44";"203,78";"215,59";"222,86";"216,59";"216,36";"238,00";"240,86";"238,13";"229,84";"249,05";"252,61";"255,73";"230,92";"247,53";"236,87";"236,34";"199,70";"242,68";"266,45";"281,85";"199,67";"231,40";"260,47";"267,74";"212,85";"231,06";"263,13";"287,69";"212,45";"224,49";"244,64";"295,83";"240,58";"243,78";"264,79";"310,00";"292,24";"278,99";"302,80";"363,18";"314,28";"298,02";"312,72";"381,07";"364,34";"308,54";"342,83";"402,15";"469,37";"373,50";"413,07";"469,23";"458,38";"380,41";"416,83";"435,81";"447,57";"371,09";"407,20";"425,43";"430,64";"373,59";"402,10";"411,32";"429,70";"379,55";"410,27";"425,68";"433,41";"386,55";"414,67";"430,09";"443,66";"391,93";"419,02";"441,94";"448,68";"398,03";"437,62";"458,88";"464,05";"411,74";"454,07"
"  mil. EUR s.c.10";"266,17";"281,60";"291,10";"282,90";"289,06";"305,82";"316,13";"307,23";"286,12";"314,73";"318,51";"314,91";"285,45";"309,31";"313,72";"317,60";"271,57";"291,09";"278,56";"277,94";"217,25";"264,01";"289,87";"306,63";"208,78";"241,96";"272,37";"279,97";"219,12";"237,88";"270,89";"296,18";"213,13";"225,21";"245,43";"296,78";"238,07";"241,24";"262,03";"306,77";"287,50";"274,48";"297,89";"357,30";"312,72";"296,53";"311,16";"379,17";"361,35";"306,01";"340,01";"398,85";"462,27";"367,85";"406,82";"462,13";"446,44";"370,50";"405,98";"424,46";"444,20";"368,29";"404,13";"422,22";"430,64";"373,59";"402,10";"411,32";"420,15";"371,11";"401,15";"416,22";"416,51";"371,48";"398,51";"413,32";"422,10";"372,89";"398,66";"420,46";"421,65";"374,05";"411,25";"431,23";"431,73";"383,07";"422,45"
"  indexy v s.c.10, romr=100";".";".";".";".";"108,6";"108,6";"108,6";"108,6";"99,0";"102,9";"100,8";"102,5";"99,8";"98,3";"98,5";"100,9";"95,1";"94,1";"88,8";"87,5";"80,0";"90,7";"104,1";"110,3";"96,1";"91,6";"94,0";"91,3";"105,0";"98,3";"99,5";"105,8";"97,3";"94,7";"90,6";"100,2";"111,7";"107,1";"106,8";"103,4";"120,8";"113,8";"113,7";"116,5";"108,8";"108,0";"104,5";"106,1";"115,6";"103,2";"109,3";"105,2";"127,9";"120,2";"119,6";"115,9";"96,6";"100,7";"99,8";"91,8";"99,5";"99,4";"99,5";"99,5";"96,9";"101,4";"99,5";"97,4";"97,6";"99,3";"99,8";"101,2";"99,1";"100,1";"99,3";"99,3";"101,3";"100,4";"100,0";"101,7";"99,9";"100,3";"103,2";"102,6";"102,4";"102,4";"102,7"
"B˝vanie, voda, elektrina, plyn a inÈ paliv·"
"  mil. EUR s.c.p.r.";"412,23";"445,51";"452,65";"433,64";"492,09";"531,81";"540,34";"517,65";"592,95";"632,04";"589,71";"565,96";"628,96";"695,54";"677,71";"647,14";"679,53";"784,92";"723,69";"723,23";"883,92";"950,70";"917,70";"922,48";"965,03";"961,77";"974,74";"952,26";"1 083,87";"1 164,04";"1 135,26";"1 169,87";"1 203,95";"1 289,03";"1 267,41";"1 292,50";"1 462,31";"1 588,07";"1 567,67";"1 526,95";"1 614,34";"1 803,64";"1 788,89";"1 672,82";"1 797,25";"1 967,99";"1 882,91";"1 896,34";"2 071,17";"2 334,83";"2 234,32";"2 136,02";"2 203,68";"2 415,66";"2 364,33";"2 248,45";"2 208,53";"2 391,23";"2 427,02";"2 353,85";"2 333,63";"2 526,25";"2 562,50";"2 492,01";"2 363,10";"2 547,54";"2 523,36";"2 355,42";"2 439,23";"2 682,91";"2 664,27";"2 494,39";"2 529,11";"2 786,73";"2 706,54";"2 534,70";"2 575,54";"2 833,51";"2 729,05";"2 584,98";"2 617,59";"2 891,90";"2 760,46";"2 632,68";"2 650,68";"2 971,51";"2 825,39"
"  mil. EUR s.c.10";"1 395,35";"1 508,00";"1 532,17";"1 467,83";"1 531,51";"1 655,15";"1 681,68";"1 611,06";"1 712,92";"1 825,87";"1 703,56";"1 634,96";"1 727,93";"1 910,83";"1 861,85";"1 777,87";"1 764,59";"2 038,26";"1 879,27";"1 878,08";"2 002,76";"2 154,06";"2 079,28";"2 090,11";"2 040,30";"2 033,41";"2 060,84";"2 013,30";"2 068,55";"2 221,56";"2 166,62";"2 232,69";"2 223,02";"2 380,13";"2 340,20";"2 386,53";"2 367,55";"2 571,16";"2 538,14";"2 472,20";"2 325,52";"2 598,21";"2 576,97";"2 409,77";"2 381,45";"2 607,68";"2 494,96";"2 512,74";"2 439,69";"2 750,25";"2 631,86";"2 516,08";"2 473,08";"2 710,96";"2 653,36";"2 523,31";"2 320,78";"2 512,77";"2 550,37";"2 473,49";"2 332,97";"2 525,54";"2 561,78";"2 491,31";"2 363,10";"2 547,54";"2 523,36";"2 355,42";"2 321,78";"2 553,74";"2 535,99";"2 374,28";"2 320,81";"2 557,21";"2 483,63";"2 325,95";"2 353,52";"2 589,26";"2 493,80";"2 362,15";"2 400,82";"2 652,42";"2 531,86";"2 414,66";"2 454,72";"2 751,84";"2 616,51"
"  indexy v s.c.10, romr=100";".";".";".";".";"109,8";"109,8";"109,8";"109,8";"111,8";"110,3";"101,3";"101,5";"100,9";"104,7";"109,3";"108,7";"102,1";"106,7";"100,9";"105,6";"113,5";"105,7";"110,6";"111,3";"101,9";"94,4";"99,1";"96,3";"101,4";"109,3";"105,1";"110,9";"107,5";"107,1";"108,0";"106,9";"106,5";"108,0";"108,5";"103,6";"98,2";"101,1";"101,5";"97,5";"102,4";"100,4";"96,8";"104,3";"102,4";"105,5";"105,5";"100,1";"101,4";"98,6";"100,8";"100,3";"93,8";"92,7";"96,1";"98,0";"100,5";"100,5";"100,4";"100,7";"101,3";"100,9";"98,5";"94,5";"98,3";"100,2";"100,5";"100,8";"100,0";"100,1";"97,9";"98,0";"101,4";"101,3";"100,4";"101,6";"102,0";"102,4";"101,5";"102,2";"102,2";"103,7";"103,3"
"N·bytok, bytovÈ zariadenie a beûn· ˙drûba domu"
"  mil. EUR s.c.p.r.";"117,51";"117,90";"130,14";"128,47";"140,28";"140,74";"155,35";"153,36";"133,96";"137,19";"153,72";"160,96";"157,35";"168,29";"176,39";"177,95";"172,47";"181,77";"177,12";"176,56";"165,34";"182,83";"212,81";"221,54";"224,92";"218,81";"268,17";"281,19";"245,41";"228,37";"287,06";"315,38";"261,80";"258,78";"289,02";"334,96";"297,10";"296,16";"330,65";"378,28";"366,07";"350,99";"376,09";"453,10";"399,03";"378,21";"419,07";"510,09";"480,75";"459,44";"498,90";"572,60";"587,37";"560,95";"620,96";"707,03";"591,01";"570,14";"636,36";"696,84";"584,67";"565,03";"630,06";"690,46";"569,07";"565,96";"597,23";"662,87";"571,05";"556,21";"594,16";"660,71";"567,94";"560,43";"588,27";"654,12";"580,86";"577,17";"598,45";"667,22";"576,68";"574,92";"604,44";"690,44";"599,62";"609,81";"637,14"
"  mil. EUR s.c.10";"126,44";"126,86";"140,03";"138,23";"147,04";"147,53";"162,84";"160,75";"150,64";"154,27";"172,86";"181,00";"168,43";"180,14";"188,81";"190,48";"170,93";"180,15";"175,54";"174,98";"149,31";"165,10";"192,17";"200,05";"196,21";"190,89";"233,95";"245,30";"213,57";"198,74";"249,82";"274,46";"227,81";"225,18";"251,49";"291,47";"259,80";"258,98";"289,14";"330,79";"327,03";"313,56";"335,98";"404,78";"371,31";"351,93";"389,96";"474,65";"448,88";"428,98";"465,83";"534,63";"548,98";"524,28";"580,38";"660,82";"551,16";"531,69";"593,44";"649,84";"565,03";"546,04";"608,88";"667,26";"569,07";"565,96";"597,23";"662,87";"575,08";"560,13";"598,35";"665,37";"569,25";"561,72";"589,62";"655,63";"580,86";"577,18";"598,46";"667,23";"578,01";"576,24";"605,83";"692,02";"591,56";"601,62";"628,59"
"  indexy v s.c.10, romr=100";".";".";".";".";"116,3";"116,3";"116,3";"116,3";"102,4";"104,6";"106,2";"112,6";"111,8";"116,8";"109,2";"105,2";"101,5";"100,0";"93,0";"91,9";"87,4";"91,6";"109,5";"114,3";"131,4";"115,6";"121,7";"122,6";"108,8";"104,1";"106,8";"111,9";"106,7";"113,3";"100,7";"106,2";"114,0";"115,0";"115,0";"113,5";"125,9";"121,1";"116,2";"122,4";"113,5";"112,2";"116,1";"117,3";"120,9";"121,9";"119,5";"112,6";"122,3";"122,2";"124,6";"123,6";"100,4";"101,4";"102,3";"98,3";"102,5";"102,7";"102,6";"102,7";"100,7";"103,6";"98,1";"99,3";"101,1";"99,0";"100,2";"100,4";"99,0";"100,3";"98,5";"98,5";"102,0";"102,8";"101,5";"101,8";"99,5";"99,8";"101,2";"103,7";"102,3";"104,4";"103,8"
"Zdravie"
"  mil. EUR s.c.p.r.";"15,82";"17,19";"16,71";"18,60";"18,89";"20,52";"19,95";"22,21";"22,99";"26,52";"19,35";"27,75";"33,15";"31,17";"21,88";"26,29";"39,07";"37,18";"21,51";"36,45";"57,13";"55,40";"49,03";"62,14";"69,54";"62,90";"57,92";"70,44";"62,60";"68,98";"61,54";"84,58";"92,07";"85,81";"76,71";"103,03";"143,33";"136,23";"107,38";"146,88";"162,39";"155,61";"128,86";"175,33";"183,83";"175,60";"145,76";"168,26";"232,50";"249,39";"216,56";"236,21";"250,65";"246,83";"211,51";"231,89";"290,74";"295,00";"240,61";"254,48";"316,87";"320,26";"261,52";"277,76";"317,02";"317,90";"274,93";"280,63";"330,74";"317,50";"279,57";"287,86";"331,24";"347,24";"292,35";"302,25";"240,05";"244,82";"202,66";"210,73";"242,28";"250,05";"208,95";"218,61";"244,94";"250,67";"210,97"
"  mil. EUR s.c.10";"45,53";"49,45";"48,09";"53,52";"50,89";"55,28";"53,75";"59,83";"57,84";"66,74";"48,69";"69,82";"75,94";"71,40";"50,11";"60,22";"84,26";"80,19";"46,39";"78,61";"95,83";"92,94";"82,25";"104,24";"124,17";"112,32";"103,43";"125,78";"108,91";"120,01";"107,07";"147,15";"154,21";"143,72";"128,48";"172,57";"225,73";"214,54";"169,12";"231,32";"226,03";"216,60";"179,36";"244,04";"234,84";"224,32";"186,20";"214,95";"262,64";"281,71";"244,62";"266,82";"287,98";"283,59";"243,01";"266,42";"313,36";"317,96";"259,33";"274,28";"323,11";"326,57";"266,66";"283,23";"317,02";"317,90";"274,93";"280,63";"318,72";"305,97";"269,41";"277,40";"302,05";"316,64";"266,59";"275,61";"214,01";"218,26";"180,67";"187,87";"214,15";"221,02";"184,69";"193,23";"215,19";"220,21";"185,34"
"  indexy v s.c.10, romr=100";".";".";".";".";"111,8";"111,8";"111,8";"111,8";"113,6";"120,7";"90,6";"116,7";"131,3";"107,0";"102,9";"86,2";"111,0";"112,3";"92,6";"130,5";"113,7";"115,9";"177,3";"132,6";"129,6";"120,9";"125,8";"120,7";"87,7";"106,8";"103,5";"117,0";"141,6";"119,8";"120,0";"117,3";"146,4";"149,3";"131,6";"134,0";"100,1";"101,0";"106,1";"105,5";"103,9";"103,6";"103,8";"88,1";"111,8";"125,6";"131,4";"124,1";"109,6";"100,7";"99,3";"99,9";"108,8";"112,1";"106,7";"102,9";"103,1";"102,7";"102,8";"103,3";"98,1";"97,3";"103,1";"99,1";"100,5";"96,2";"98,0";"98,8";"94,8";"103,5";"99,0";"99,4";"70,9";"68,9";"67,8";"68,2";"100,1";"101,3";"102,2";"102,9";"100,5";"99,6";"100,4"
"Doprava"
"  mil. EUR s.c.p.r.";"192,82";"200,77";"182,83";"191,98";"230,17";"239,66";"218,25";"229,17";"210,52";"250,22";"233,72";"245,40";"261,87";"271,39";"285,00";"290,55";"294,82";"302,80";"280,32";"283,48";"327,72";"308,17";"330,61";"427,31";"426,58";"453,83";"431,22";"504,32";"451,35";"528,65";"482,87";"524,13";"501,35";"472,18";"469,36";"506,91";"528,75";"467,34";"511,92";"564,26";"583,31";"576,55";"633,57";"627,40";"627,72";"611,23";"671,51";"713,14";"783,64";"684,33";"746,36";"743,78";"825,60";"769,10";"806,84";"747,83";"874,18";"920,74";"901,55";"673,17";"804,25";"849,82";"833,76";"619,72";"784,55";"784,70";"750,00";"707,48";"840,19";"817,16";"854,75";"731,65";"870,02";"881,72";"881,66";"753,79";"932,88";"936,25";"924,06";"801,44";"943,61";"960,99";"937,89";"836,49";"952,67";"947,01";"912,84"
"  mil. EUR s.c.10";"308,58";"321,30";"292,60";"307,24";"346,41";"360,69";"328,47";"344,91";"325,51";"386,89";"361,38";"379,45";"383,54";"397,50";"417,43";"425,55";"403,86";"414,79";"384,01";"388,33";"380,34";"357,66";"383,70";"495,92";"456,02";"485,16";"460,99";"539,13";"475,04";"556,39";"508,21";"551,64";"538,08";"506,78";"503,75";"544,04";"534,55";"472,46";"517,53";"570,45";"547,71";"541,36";"594,90";"589,11";"583,26";"567,94";"623,95";"662,62";"719,21";"628,06";"685,00";"682,63";"774,94";"721,91";"757,33";"701,94";"794,03";"836,32";"818,89";"611,45";"790,34";"835,13";"819,34";"609,00";"784,55";"784,70";"750,00";"707,48";"802,74";"780,74";"816,65";"699,04";"789,94";"800,57";"800,51";"684,41";"853,89";"856,97";"845,82";"733,58";"874,09";"890,19";"868,80";"774,86";"935,27";"929,72";"896,17"
"  indexy v s.c.10, romr=100";".";".";".";".";"112,3";"112,3";"112,3";"112,3";"94,0";"107,3";"110,0";"110,0";"117,8";"102,7";"115,5";"112,1";"105,3";"104,4";"92,0";"91,3";"94,2";"86,2";"99,9";"127,7";"119,9";"135,6";"120,1";"108,7";"104,2";"114,7";"110,2";"102,3";"113,3";"91,1";"99,1";"98,6";"99,3";"93,2";"102,7";"104,9";"102,5";"114,6";"115,0";"103,3";"106,5";"104,9";"104,9";"112,5";"123,3";"110,6";"109,8";"103,0";"107,7";"114,9";"110,6";"102,8";"102,5";"115,8";"108,1";"87,1";"99,5";"99,9";"100,1";"99,6";"99,3";"94,0";"91,5";"116,2";"102,3";"99,5";"108,9";"98,8";"98,4";"102,5";"98,0";"97,9";"108,1";"107,0";"105,7";"107,2";"102,4";"103,9";"102,7";"105,6";"107,0";"104,4";"103,2"
"Poöta a telekomunik·cie"
"  mil. EUR s.c.p.r.";"46,01";"46,72";"48,39";"53,86";"54,93";"55,77";"57,76";"64,30";"64,93";"68,84";"64,23";"72,03";"59,08";"65,99";"66,29";"71,47";"103,83";"116,88";"92,61";"104,23";"128,27";"129,13";"128,86";"146,72";"155,51";"155,51";"142,07";"165,64";"170,16";"170,05";"177,59";"192,82";"196,04";"199,03";"209,12";"233,29";"238,77";"230,07";"209,39";"261,34";"254,87";"254,07";"240,09";"284,47";"295,04";"290,88";"264,56";"323,44";"322,65";"319,46";"305,05";"330,45";"358,73";"339,81";"328,25";"358,33";"392,55";"362,86";"341,26";"357,36";"392,24";"362,84";"341,10";"357,23";"387,88";"355,11";"347,94";"373,75";"395,56";"355,13";"352,48";"375,36";"358,92";"354,67";"351,73";"377,01";"367,27";"353,98";"351,50";"392,98";"370,14";"363,62";"358,82";"395,51";"377,37";"366,96";"366,04"
"  mil. EUR s.c.10";"124,34";"126,24";"130,75";"145,56";"134,63";"136,68";"141,57";"157,59";"150,39";"159,46";"148,77";"166,84";"133,69";"149,34";"150,02";"161,73";"170,62";"192,06";"152,19";"171,28";"184,77";"186,00";"185,62";"211,34";"216,03";"216,04";"197,37";"230,10";"196,96";"196,84";"205,56";"223,19";"201,79";"204,87";"215,26";"240,13";"239,10";"230,38";"209,67";"261,69";"253,52";"252,72";"238,81";"282,96";"295,86";"291,69";"265,29";"324,34";"323,79";"320,58";"306,13";"331,61";"360,34";"341,32";"329,72";"359,93";"394,68";"364,84";"343,11";"359,30";"397,11";"367,35";"345,33";"361,66";"387,88";"355,11";"347,94";"373,75";"394,09";"353,81";"351,17";"373,96";"359,10";"354,84";"351,90";"377,19";"367,79";"354,49";"352,00";"393,54";"374,73";"368,13";"363,27";"400,42";"382,91";"372,34";"371,41"
"  indexy v s.c.10, romr=100";".";".";".";".";"108,3";"108,3";"108,3";"108,3";"111,7";"116,7";"105,1";"105,9";"88,9";"93,7";"100,8";"96,9";"127,6";"128,6";"101,4";"105,9";"108,3";"96,8";"122,0";"123,4";"116,9";"116,1";"106,3";"108,9";"91,2";"91,1";"104,2";"97,0";"102,5";"104,1";"104,7";"107,6";"118,5";"112,5";"97,4";"109,0";"106,0";"109,7";"113,9";"108,1";"116,7";"115,4";"111,1";"114,6";"109,4";"109,9";"115,4";"102,2";"111,3";"106,5";"107,7";"108,5";"109,5";"106,9";"104,1";"99,8";"100,6";"100,7";"100,6";"100,7";"97,7";"96,7";"100,8";"103,3";"101,6";"99,6";"100,9";"100,1";"91,1";"100,3";"100,2";"100,9";"102,4";"99,9";"100,0";"104,3";"101,9";"103,8";"103,2";"101,7";"102,2";"101,1";"102,2"
"Rekre·cia  a kult˙ra"
"  mil. EUR s.c.p.r.";"168,63";"182,72";"212,09";"184,95";"201,30";"218,12";"253,17";"220,77";"211,52";"236,84";"261,63";"232,06";"240,12";"269,67";"309,20";"270,86";"262,95";"289,15";"322,68";"293,47";"304,22";"343,06";"405,13";"339,28";"368,27";"402,11";"508,83";"429,40";"389,28";"427,11";"542,29";"472,65";"413,28";"439,16";"558,22";"479,49";"462,64";"458,77";"624,18";"535,62";"542,53";"544,55";"741,02";"611,37";"571,72";"559,68";"808,14";"673,11";"612,48";"665,34";"930,99";"812,42";"743,46";"801,57";"1 061,28";"934,11";"796,55";"843,21";"1 080,33";"929,06";"791,17";"835,06";"1 068,62";"922,02";"793,11";"850,35";"1 071,84";"972,37";"826,45";"859,78";"1 101,43";"974,34";"813,38";"875,28";"1 111,02";"983,34";"840,88";"900,79";"1 168,03";"1 027,40";"862,08";"942,48";"1 235,72";"1 075,06";"929,12";"1 003,66";"1 313,94"
"  mil. EUR s.c.10";"267,09";"289,40";"335,91";"292,93";"316,45";"342,89";"398,00";"347,06";"326,10";"365,15";"403,37";"357,78";"343,85";"386,17";"442,78";"387,88";"354,48";"389,80";"435,00";"395,62";"369,92";"417,14";"492,62";"412,54";"419,33";"457,87";"579,38";"488,94";"432,03";"474,01";"601,84";"524,55";"453,19";"481,56";"612,13";"525,79";"493,09";"488,97";"665,26";"570,87";"559,72";"561,80";"764,50";"630,74";"591,41";"578,95";"835,97";"696,28";"621,98";"675,65";"945,42";"825,02";"745,93";"804,24";"1 064,81";"937,22";"792,82";"839,27";"1 075,28";"924,72";"801,40";"845,86";"1 082,44";"933,95";"793,11";"850,35";"1 071,84";"972,37";"818,40";"851,39";"1 090,69";"964,84";"790,18";"850,32";"1 079,33";"955,30";"797,78";"854,62";"1 108,16";"974,74";"806,30";"881,50";"1 155,76";"1 005,51";"858,50";"927,38";"1 214,07"
"  indexy v s.c.10, romr=100";".";".";".";".";"118,5";"118,5";"118,5";"118,5";"103,1";"106,5";"101,4";"103,1";"105,4";"105,8";"109,8";"108,4";"103,1";"100,9";"98,2";"102,0";"104,4";"107,0";"113,2";"104,3";"113,4";"109,8";"117,6";"118,5";"103,0";"103,5";"103,9";"107,3";"104,9";"101,6";"101,7";"100,2";"108,8";"101,5";"108,7";"108,6";"113,5";"114,9";"114,9";"110,5";"105,7";"103,1";"109,3";"110,4";"105,2";"116,7";"113,1";"118,5";"119,9";"119,0";"112,6";"113,6";"106,3";"104,4";"101,0";"98,7";"101,1";"100,8";"100,7";"101,0";"99,0";"100,5";"99,0";"104,1";"103,2";"100,1";"101,8";"99,2";"96,6";"99,9";"99,0";"99,0";"101,0";"100,5";"102,7";"102,0";"101,1";"103,1";"104,3";"103,2";"106,5";"105,2";"105,0"
"Vzdel·vanie"
"  mil. EUR s.c.p.r.";"15,92";"12,79";"12,71";"14,99";"19,00";"15,27";"15,17";"17,89";"17,30";"15,77";"18,26";"20,38";"21,43";"18,65";"20,35";"18,52";"18,06";"13,71";"19,19";"24,80";"26,48";"14,67";"17,26";"32,30";"47,83";"30,94";"30,97";"45,21";"38,99";"31,27";"43,98";"48,03";"56,05";"44,78";"59,65";"70,77";"75,95";"60,31";"73,76";"77,21";"77,81";"62,11";"78,94";"95,20";"111,25";"81,32";"119,60";"130,88";"126,18";"86,80";"129,26";"139,61";"131,69";"93,28";"132,74";"144,00";"128,62";"95,70";"137,34";"155,94";"138,57";"103,40";"147,51";"168,39";"151,38";"107,68";"152,86";"171,80";"160,88";"114,51";"158,51";"181,25";"158,63";"117,01";"162,42";"187,88";"169,93";"125,02";"171,72";"196,62";"177,06";"129,53";"177,88";"202,32";"183,53";"134,68";"182,28"
"  mil. EUR s.c.10";"61,32";"49,28";"48,96";"57,74";"68,46";"55,02";"54,65";"64,46";"58,49";"53,30";"61,71";"68,89";"70,14";"61,06";"66,60";"60,63";"56,34";"42,78";"59,87";"77,38";"75,17";"41,65";"49,00";"91,70";"112,35";"72,66";"72,74";"106,19";"89,53";"71,80";"100,99";"110,29";"125,94";"100,61";"134,02";"159,00";"162,84";"129,31";"158,13";"165,53";"132,13";"105,47";"134,05";"161,67";"140,87";"102,97";"151,44";"165,73";"150,59";"103,60";"154,27";"166,63";"152,74";"108,19";"153,96";"167,01";"141,74";"105,47";"151,36";"171,86";"144,25";"107,64";"153,56";"175,29";"151,38";"107,68";"152,86";"171,80";"154,23";"109,77";"151,95";"173,75";"146,41";"108,00";"149,91";"173,41";"148,43";"109,20";"149,99";"171,74";"149,48";"109,36";"150,17";"170,80";"151,85";"111,43";"150,81"
"  indexy v s.c.10, romr=100";".";".";".";".";"111,6";"111,6";"111,6";"111,6";"85,4";"96,9";"112,9";"106,9";"119,9";"114,6";"107,9";"88,0";"80,3";"70,1";"89,9";"127,6";"133,4";"97,4";"81,9";"118,5";"149,5";"174,4";"148,4";"115,8";"79,7";"98,8";"138,8";"103,9";"140,7";"140,1";"132,7";"144,2";"129,3";"128,5";"118,0";"104,1";"81,1";"81,6";"84,8";"97,7";"106,6";"97,6";"113,0";"102,5";"106,9";"100,6";"101,9";"100,5";"101,4";"104,4";"99,8";"100,2";"92,8";"97,5";"98,3";"102,9";"101,8";"102,1";"101,5";"102,0";"104,9";"100,0";"99,5";"98,0";"101,9";"101,9";"99,4";"101,1";"94,9";"98,4";"98,7";"99,8";"101,4";"101,1";"100,1";"99,0";"100,7";"100,1";"100,1";"99,5";"101,6";"101,9";"100,4"
"Hotely, kaviarne a reötaur·cie"
"  mil. EUR s.c.p.r.";"147,85";"141,32";"115,79";"114,04";"176,50";"168,69";"138,22";"136,13";"197,77";"185,39";"161,22";"164,48";"215,21";"226,62";"206,73";"185,06";"242,61";"239,93";"228,91";"232,49";"213,12";"289,98";"280,06";"307,64";"291,25";"291,91";"306,75";"322,02";"321,66";"332,21";"337,75";"379,41";"344,39";"353,35";"350,26";"372,20";"342,60";"353,12";"357,13";"417,48";"413,94";"415,99";"404,97";"477,53";"557,63";"473,01";"482,74";"534,82";"561,24";"492,00";"485,39";"571,30";"582,17";"522,87";"501,03";"549,76";"515,75";"466,47";"447,22";"508,00";"526,06";"475,77";"456,11";"518,13";"504,51";"466,45";"464,60";"516,10";"520,86";"466,65";"458,63";"527,27";"513,32";"480,93";"468,11";"536,01";"529,17";"496,75";"484,39";"548,73";"538,91";"514,68";"501,50";"565,66";"559,05";"531,64";"527,84"
"  mil. EUR s.c.10";"372,72";"356,24";"291,89";"287,48";"409,45";"391,34";"320,65";"315,80";"435,94";"408,64";"355,38";"362,55";"447,49";"471,21";"429,87";"384,79";"450,88";"445,90";"425,41";"432,08";"359,82";"489,59";"472,84";"519,41";"454,49";"455,52";"478,67";"502,50";"467,83";"483,18";"491,24";"551,83";"483,24";"495,82";"491,49";"522,27";"453,20";"467,11";"472,42";"552,25";"499,25";"501,71";"488,42";"575,94";"646,77";"548,63";"559,91";"620,32";"637,91";"559,21";"551,69";"649,34";"643,09";"577,58";"553,46";"607,28";"541,11";"489,40";"469,20";"532,97";"531,96";"481,11";"461,24";"523,95";"504,51";"466,45";"464,60";"516,10";"508,30";"455,39";"447,57";"514,55";"485,58";"454,94";"442,81";"507,04";"489,33";"459,36";"447,93";"507,42";"492,27";"470,14";"458,10";"516,71";"501,91";"477,30";"473,89"
"  indexy v s.c.10, romr=100";".";".";".";".";"109,9";"109,9";"109,9";"109,9";"106,5";"104,4";"110,8";"114,8";"102,6";"115,3";"121,0";"106,1";"100,8";"94,6";"99,0";"112,3";"79,8";"109,8";"111,1";"120,2";"126,3";"93,0";"101,2";"96,7";"102,9";"106,1";"102,6";"109,8";"103,3";"102,6";"100,1";"94,6";"93,8";"94,2";"96,1";"105,7";"110,2";"107,4";"103,4";"104,3";"129,5";"109,4";"114,6";"107,7";"98,6";"101,9";"98,5";"104,7";"100,8";"103,3";"100,3";"93,5";"84,1";"84,7";"84,8";"87,8";"98,3";"98,3";"98,3";"98,3";"94,8";"97,0";"100,7";"98,5";"100,8";"97,6";"96,3";"99,7";"95,5";"99,9";"98,9";"98,5";"100,8";"101,0";"101,2";"100,1";"100,6";"102,3";"102,3";"101,8";"102,0";"101,5";"103,4"
"RozliËnÈ tovary a sluûby"
"  mil. EUR s.c.p.r.";"127,92";"141,94";"140,81";"162,55";"152,70";"169,44";"168,09";"194,04";"268,94";"272,00";"269,05";"271,28";"295,94";"303,30";"300,09";"267,66";"259,31";"215,61";"227,39";"255,30";"255,43";"285,66";"271,68";"268,90";"287,90";"297,40";"312,10";"361,23";"317,95";"343,20";"356,58";"428,89";"383,96";"371,87";"406,36";"441,21";"498,39";"444,92";"498,13";"577,90";"579,55";"506,11";"551,16";"655,07";"651,18";"576,01";"628,29";"752,78";"789,04";"631,53";"737,99";"774,14";"848,77";"739,57";"905,22";"889,24";"873,42";"793,60";"912,29";"959,25";"896,21";"802,19";"932,91";"984,78";"983,67";"867,56";"1 053,43";"1 035,92";"981,48";"920,74";"984,43";"1 031,69";"1 074,90";"997,89";"1 098,75";"1 132,57";"1 175,75";"1 064,53";"1 113,28";"1 167,50";"1 174,62";"1 080,63";"1 131,90";"1 173,50";"1 176,08";"1 079,12";"1 069,26"
"  mil. EUR s.c.10";"328,50";"364,53";"361,62";"417,46";"367,41";"407,70";"404,44";"466,90";"512,65";"518,49";"512,87";"517,11";"590,19";"604,87";"598,46";"533,80";"554,35";"460,93";"486,11";"545,78";"488,16";"545,92";"519,21";"513,88";"495,88";"512,24";"537,56";"622,18";"510,19";"550,71";"572,18";"688,21";"551,80";"534,42";"583,99";"634,08";"640,34";"571,64";"640,01";"742,50";"696,77";"608,47";"662,63";"787,56";"755,12";"667,96";"728,58";"872,95";"880,73";"704,93";"823,75";"864,11";"916,79";"798,83";"977,75";"960,50";"928,78";"843,90";"970,12";"1 020,05";"948,82";"849,28";"987,67";"1 042,59";"983,67";"867,56";"1 053,43";"1 035,92";"928,55";"871,08";"931,34";"976,05";"959,58";"890,83";"980,87";"1 011,06";"1 048,77";"949,57";"993,05";"1 041,41";"1 063,39";"978,30";"1 024,72";"1 062,38";"1 046,57";"960,29";"951,52"
"  indexy v s.c.10, romr=100";".";".";".";".";"111,8";"111,8";"111,8";"111,8";"139,5";"127,2";"126,8";"110,8";"115,1";"116,7";"116,7";"103,2";"93,9";"76,2";"81,2";"102,2";"88,1";"118,4";"106,8";"94,2";"101,6";"93,8";"103,5";"121,1";"102,9";"107,5";"106,4";"110,6";"108,2";"97,0";"102,1";"92,1";"116,0";"107,0";"109,6";"117,1";"108,8";"106,4";"103,5";"106,1";"108,4";"109,8";"110,0";"110,8";"116,6";"105,5";"113,1";"99,0";"104,1";"113,3";"118,7";"111,2";"101,3";"105,6";"99,2";"106,2";"102,2";"100,6";"101,8";"102,2";"103,7";"102,2";"106,7";"99,4";"94,4";"100,4";"88,4";"94,2";"103,3";"102,3";"105,3";"103,6";"109,3";"106,6";"101,2";"103,0";"101,4";"103,0";"103,2";"102,0";"98,4";"98,2";"92,9"

"Pozn·mky:"
"metodika ESA 2010, podæa ötvrùroËn˝ch n·rodn˝ch ˙Ëtov"